timestamp,hour,day_of_week,is_weekend,weather,lane_1_count,lane_2_count,lane_3_count,lane_4_count,total_vehicles,density,congestion_index,accident_occurred
2026-01-01 00:00:00,0,3,0,0,11,5,8,8,32,12.8,0.2,0
2026-01-01 01:00:00,1,3,0,0,6,9,13,6,34,13.6,0.2,0
2026-01-01 02:00:00,2,3,0,0,6,4,9,7,26,10.4,0.18,0
2026-01-01 03:00:00,3,3,0,1,12,5,9,14,40,16.0,0.3,0
2026-01-01 04:00:00,4,3,0,0,9,11,4,9,33,13.2,0.2,0
2026-01-01 05:00:00,5,3,0,0,11,5,6,9,31,12.4,0.2,0
2026-01-01 06:00:00,6,3,0,0,35,23,36,27,121,48.4,0.47,0
2026-01-01 07:00:00,7,3,0,2,55,44,39,27,165,66.0,0.77,1
2026-01-01 08:00:00,8,3,0,0,61,57,52,47,217,86.8,0.87,0
2026-01-01 09:00:00,9,3,0,1,73,48,49,70,240,96.0,1.0,0
2026-01-01 10:00:00,10,3,0,0,62,47,43,54,206,82.4,0.83,0
2026-01-01 11:00:00,11,3,0,2,58,39,32,46,175,70.0,0.8,0
2026-01-01 12:00:00,12,3,0,0,46,33,21,37,137,54.8,0.52,0
2026-01-01 13:00:00,13,3,0,1,36,42,32,40,150,60.0,0.64,0
2026-01-01 14:00:00,14,3,0,1,50,33,33,33,149,59.6,0.64,0
2026-01-01 15:00:00,15,3,0,0,17,37,21,34,109,43.6,0.44,0
2026-01-01 16:00:00,16,3,0,0,22,32,28,35,117,46.8,0.46,0
2026-01-01 17:00:00,17,3,0,0,69,52,40,52,213,85.2,0.86,0
2026-01-01 18:00:00,18,3,0,0,78,55,46,48,227,90.8,0.9,1
2026-01-01 19:00:00,19,3,0,0,42,63,47,51,203,81.2,0.82,0
2026-01-01 20:00:00,20,3,0,0,33,34,26,30,123,49.2,0.48,0
2026-01-01 21:00:00,21,3,0,0,24,43,26,29,122,48.8,0.48,0
2026-01-01 22:00:00,22,3,0,0,7,3,5,12,27,10.8,0.18,0
2026-01-01 23:00:00,23,3,0,0,9,8,10,9,36,14.4,0.21,0
2026-01-02 00:00:00,0,4,0,0,13,6,9,6,34,13.6,0.2,0
2026-01-02 01:00:00,1,4,0,0,5,9,9,11,34,13.6,0.2,0
2026-01-02 02:00:00,2,4,0,0,8,14,5,10,37,14.8,0.21,0
2026-01-02 03:00:00,3,4,0,1,11,12,11,5,39,15.6,0.3,0
2026-01-02 04:00:00,4,4,0,0,9,14,5,8,36,14.4,0.21,0
2026-01-02 05:00:00,5,4,0,0,6,5,8,9,28,11.2,0.19,0
2026-01-02 06:00:00,6,4,0,0,30,40,28,29,127,50.8,0.49,0
2026-01-02 07:00:00,7,4,0,0,33,28,25,38,124,49.6,0.48,0
2026-01-02 08:00:00,8,4,0,1,69,63,60,47,239,95.6,1.0,0
2026-01-02 09:00:00,9,4,0,0,62,48,40,43,193,77.2,0.79,0
2026-01-02 10:00:00,10,4,0,0,72,54,46,60,232,92.8,0.91,0
2026-01-02 11:00:00,11,4,0,0,36,28,22,28,114,45.6,0.45,0
2026-01-02 12:00:00,12,4,0,0,37,33,28,18,116,46.4,0.46,0
2026-01-02 13:00:00,13,4,0,0,41,35,29,28,133,53.2,0.51,0
2026-01-02 14:00:00,14,4,0,1,58,28,36,41,163,65.2,0.68,0
2026-01-02 15:00:00,15,4,0,0,28,37,28,37,130,52.0,0.5,0
2026-01-02 16:00:00,16,4,0,0,33,28,28,38,127,50.8,0.49,0
2026-01-02 17:00:00,17,4,0,2,81,89,57,75,302,100.0,1.0,0
2026-01-02 18:00:00,18,4,0,2,87,65,68,67,287,100.0,1.0,0
2026-01-02 19:00:00,19,4,0,0,68,63,46,42,219,87.6,0.87,0
2026-01-02 20:00:00,20,4,0,1,42,36,28,43,149,59.6,0.64,0
2026-01-02 21:00:00,21,4,0,0,48,33,30,31,142,56.8,0.54,0
2026-01-02 22:00:00,22,4,0,1,6,16,3,11,36,14.4,0.29,0
2026-01-02 23:00:00,23,4,0,0,9,7,7,6,29,11.6,0.19,0
2026-01-03 00:00:00,0,5,1,0,10,10,5,4,29,11.6,0.19,0
2026-01-03 01:00:00,1,5,1,0,5,8,3,11,27,10.8,0.18,0
2026-01-03 02:00:00,2,5,1,0,10,7,7,6,30,12.0,0.19,0
2026-01-03 03:00:00,3,5,1,2,18,10,9,10,47,18.8,0.4,0
2026-01-03 04:00:00,4,5,1,0,10,8,8,15,41,16.4,0.23,0
2026-01-03 05:00:00,5,5,1,2,9,15,6,11,41,16.4,0.39,1
2026-01-03 06:00:00,6,5,1,1,40,33,29,36,138,55.2,0.6,0
2026-01-03 07:00:00,7,5,1,1,37,41,23,29,130,52.0,0.58,0
2026-01-03 08:00:00,8,5,1,0,29,30,16,25,100,40.0,0.51,0
2026-01-03 09:00:00,9,5,1,3,46,39,27,29,141,56.4,0.87,0
2026-01-03 10:00:00,10,5,1,0,24,31,18,21,94,37.6,0.49,0
2026-01-03 11:00:00,11,5,1,0,36,39,33,30,138,55.2,0.52,0
2026-01-03 12:00:00,12,5,1,0,30,31,23,30,114,45.6,0.45,0
2026-01-03 13:00:00,13,5,1,1,36,37,40,36,149,59.6,0.64,0
2026-01-03 14:00:00,14,5,1,1,48,40,36,25,149,59.6,0.64,0
2026-01-03 15:00:00,15,5,1,0,35,28,24,30,117,46.8,0.46,0
2026-01-03 16:00:00,16,5,1,1,36,48,43,21,148,59.2,0.64,0
2026-01-03 17:00:00,17,5,1,0,31,29,21,30,111,44.4,0.54,0
2026-01-03 18:00:00,18,5,1,0,29,32,20,28,109,43.6,0.54,0
2026-01-03 19:00:00,19,5,1,2,29,49,33,31,142,56.8,0.8,0
2026-01-03 20:00:00,20,5,1,0,33,26,34,32,125,50.0,0.48,0
2026-01-03 21:00:00,21,5,1,2,48,40,27,37,152,60.8,0.73,0
2026-01-03 22:00:00,22,5,1,0,11,4,8,8,31,12.4,0.2,0
2026-01-03 23:00:00,23,5,1,0,5,4,7,10,26,10.4,0.18,0
2026-01-04 00:00:00,0,6,1,1,10,5,11,6,32,12.8,0.28,0
2026-01-04 01:00:00,1,6,1,0,12,12,10,10,44,17.6,0.24,0
2026-01-04 02:00:00,2,6,1,3,10,10,11,13,44,17.6,0.48,0
2026-01-04 03:00:00,3,6,1,0,2,8,8,9,27,10.8,0.18,0
2026-01-04 04:00:00,4,6,1,1,11,11,13,8,43,17.2,0.31,0
2026-01-04 05:00:00,5,6,1,0,9,7,7,10,33,13.2,0.2,1
2026-01-04 06:00:00,6,6,1,0,44,42,38,21,145,58.0,0.55,0
2026-01-04 07:00:00,7,6,1,0,31,32,30,26,119,47.6,0.47,0
2026-01-04 08:00:00,8,6,1,0,33,27,17,25,102,40.8,0.51,0
2026-01-04 09:00:00,9,6,1,0,32,34,19,24,109,43.6,0.54,0
2026-01-04 10:00:00,10,6,1,0,25,23,23,18,89,35.6,0.47,0
2026-01-04 11:00:00,11,6,1,0,28,39,20,32,119,47.6,0.47,0
2026-01-04 12:00:00,12,6,1,0,33,24,26,33,116,46.4,0.46,0
2026-01-04 13:00:00,13,6,1,0,26,33,19,38,116,46.4,0.46,0
2026-01-04 14:00:00,14,6,1,0,32,32,33,30,127,50.8,0.49,0
2026-01-04 15:00:00,15,6,1,0,32,34,32,19,117,46.8,0.46,0
2026-01-04 16:00:00,16,6,1,0,38,32,27,27,124,49.6,0.48,0
2026-01-04 17:00:00,17,6,1,2,32,46,39,35,152,60.8,0.83,0
2026-01-04 18:00:00,18,6,1,0,33,24,22,35,114,45.6,0.55,0
2026-01-04 19:00:00,19,6,1,0,29,27,30,35,121,48.4,0.57,0
2026-01-04 20:00:00,20,6,1,0,31,30,31,36,128,51.2,0.49,0
2026-01-04 21:00:00,21,6,1,2,45,46,36,29,156,62.4,0.74,1
2026-01-04 22:00:00,22,6,1,0,9,8,7,5,29,11.6,0.19,0
2026-01-04 23:00:00,23,6,1,3,18,13,8,7,46,18.4,0.48,0
2026-01-05 00:00:00,0,0,0,3,14,13,15,15,57,22.8,0.52,0
2026-01-05 01:00:00,1,0,0,0,5,2,9,6,22,8.8,0.17,0
2026-01-05 02:00:00,2,0,0,0,9,10,10,12,41,16.4,0.23,0
2026-01-05 03:00:00,3,0,0,0,13,6,14,3,36,14.4,0.21,0
2026-01-05 04:00:00,4,0,0,3,7,13,10,15,45,18.0,0.48,0
2026-01-05 05:00:00,5,0,0,0,13,12,7,6,38,15.2,0.22,0
2026-01-05 06:00:00,6,0,0,2,48,44,27,46,165,66.0,0.77,0
2026-01-05 07:00:00,7,0,0,0,29,29,24,26,108,43.2,0.43,0
2026-01-05 08:00:00,8,0,0,1,59,60,44,64,227,90.8,0.98,0
2026-01-05 09:00:00,9,0,0,1,75,64,60,78,277,100.0,1.0,1
2026-01-05 10:00:00,10,0,0,0,54,66,43,50,213,85.2,0.86,0
2026-01-05 11:00:00,11,0,0,0,18,40,28,27,113,45.2,0.45,1
2026-01-05 12:00:00,12,0,0,0,47,30,24,24,125,50.0,0.48,0
2026-01-05 13:00:00,13,0,0,3,53,33,33,52,171,68.4,0.87,0
2026-01-05 14:00:00,14,0,0,0,42,21,29,29,121,48.4,0.47,0
2026-01-05 15:00:00,15,0,0,2,54,40,39,24,157,62.8,0.74,0
2026-01-05 16:00:00,16,0,0,0,29,25,32,25,111,44.4,0.44,0
2026-01-05 17:00:00,17,0,0,1,40,60,56,46,202,80.8,0.9,0
2026-01-05 18:00:00,18,0,0,0,53,49,50,58,210,84.0,0.85,0
2026-01-05 19:00:00,19,0,0,0,51,61,39,44,195,78.0,0.8,0
2026-01-05 20:00:00,20,0,0,0,34,37,43,32,146,58.4,0.55,0
2026-01-05 21:00:00,21,0,0,0,28,32,19,35,114,45.6,0.45,0
2026-01-05 22:00:00,22,0,0,0,10,9,11,8,38,15.2,0.22,0
2026-01-05 23:00:00,23,0,0,0,10,9,10,10,39,15.6,0.22,0
2026-01-06 00:00:00,0,1,0,1,9,8,6,10,33,13.2,0.28,0
2026-01-06 01:00:00,1,1,0,3,20,13,17,14,64,25.6,0.54,0
2026-01-06 02:00:00,2,1,0,0,10,8,2,5,25,10.0,0.18,0
2026-01-06 03:00:00,3,1,0,0,16,9,11,6,42,16.8,0.23,0
2026-01-06 04:00:00,4,1,0,0,9,8,7,4,28,11.2,0.19,0
2026-01-06 05:00:00,5,1,0,0,10,9,12,8,39,15.6,0.22,0
2026-01-06 06:00:00,6,1,0,0,37,21,25,31,114,45.6,0.45,0
2026-01-06 07:00:00,7,1,0,3,49,34,60,23,166,66.4,0.85,0
2026-01-06 08:00:00,8,1,0,0,59,65,65,61,250,100.0,0.97,0
2026-01-06 09:00:00,9,1,0,3,82,72,58,75,287,100.0,1.0,0
2026-01-06 10:00:00,10,1,0,0,55,47,45,48,195,78.0,0.8,0
2026-01-06 11:00:00,11,1,0,0,37,39,29,24,129,51.6,0.5,0
2026-01-06 12:00:00,12,1,0,0,36,35,35,35,141,56.4,0.53,0
2026-01-06 13:00:00,13,1,0,0,28,39,26,24,117,46.8,0.46,0
2026-01-06 14:00:00,14,1,0,0,35,30,32,43,140,56.0,0.53,0
2026-01-06 15:00:00,15,1,0,1,39,46,40,34,159,63.6,0.67,0
2026-01-06 16:00:00,16,1,0,0,35,35,21,27,118,47.2,0.46,0
2026-01-06 17:00:00,17,1,0,0,79,62,56,42,239,95.6,0.94,0
2026-01-06 18:00:00,18,1,0,0,66,56,48,49,219,87.6,0.87,0
2026-01-06 19:00:00,19,1,0,0,49,70,64,47,230,92.0,0.91,0
2026-01-06 20:00:00,20,1,0,1,44,24,28,29,125,50.0,0.56,0
2026-01-06 21:00:00,21,1,0,0,44,31,30,32,137,54.8,0.52,0
2026-01-06 22:00:00,22,1,0,0,9,10,5,2,26,10.4,0.18,0
2026-01-06 23:00:00,23,1,0,0,8,3,9,9,29,11.6,0.19,0
2026-01-07 00:00:00,0,2,0,1,13,9,8,10,40,16.0,0.3,0
2026-01-07 01:00:00,1,2,0,0,11,6,5,4,26,10.4,0.18,0
2026-01-07 02:00:00,2,2,0,0,18,8,4,4,34,13.6,0.2,0
2026-01-07 03:00:00,3,2,0,0,10,7,10,11,38,15.2,0.22,0
2026-01-07 04:00:00,4,2,0,2,15,5,10,6,36,14.4,0.37,1
2026-01-07 05:00:00,5,2,0,1,16,14,14,4,48,19.2,0.33,0
2026-01-07 06:00:00,6,2,0,2,39,33,44,27,143,57.2,0.7,1
2026-01-07 07:00:00,7,2,0,0,38,28,26,42,134,53.6,0.51,0
2026-01-07 08:00:00,8,2,0,1,62,58,48,72,240,96.0,1.0,0
2026-01-07 09:00:00,9,2,0,0,40,46,50,53,189,75.6,0.78,0
2026-01-07 10:00:00,10,2,0,0,57,52,47,44,200,80.0,0.82,0
2026-01-07 11:00:00,11,2,0,0,42,21,39,28,130,52.0,0.5,0
2026-01-07 12:00:00,12,2,0,0,38,34,35,26,133,53.2,0.51,0
2026-01-07 13:00:00,13,2,0,0,40,30,23,26,119,47.6,0.47,1
2026-01-07 14:00:00,14,2,0,1,59,39,39,29,166,66.4,0.69,0
2026-01-07 15:00:00,15,2,0,1,33,46,29,36,144,57.6,0.62,0
2026-01-07 16:00:00,16,2,0,1,32,20,34,37,123,49.2,0.56,0
2026-01-07 17:00:00,17,2,0,0,60,68,52,50,230,92.0,0.91,0
2026-01-07 18:00:00,18,2,0,1,80,70,51,63,264,100.0,1.0,0
2026-01-07 19:00:00,19,2,0,2,78,59,68,58,263,100.0,1.0,0
2026-01-07 20:00:00,20,2,0,0,52,32,35,35,154,61.6,0.57,0
2026-01-07 21:00:00,21,2,0,0,43,28,35,35,141,56.4,0.53,0
2026-01-07 22:00:00,22,2,0,0,8,9,8,6,31,12.4,0.2,0
2026-01-07 23:00:00,23,2,0,0,19,9,7,5,40,16.0,0.22,0
2026-01-08 00:00:00,0,3,0,0,12,11,6,8,37,14.8,0.21,0
2026-01-08 01:00:00,1,3,0,0,9,7,4,5,25,10.0,0.18,0
2026-01-08 02:00:00,2,3,0,0,12,15,11,5,43,17.2,0.23,0
2026-01-08 03:00:00,3,3,0,0,16,6,8,14,44,17.6,0.24,0
2026-01-08 04:00:00,4,3,0,0,10,12,1,5,28,11.2,0.19,0
2026-01-08 05:00:00,5,3,0,2,9,6,13,10,38,15.2,0.38,0
2026-01-08 06:00:00,6,3,0,0,38,30,23,28,119,47.6,0.47,0
2026-01-08 07:00:00,7,3,0,0,34,34,24,33,125,50.0,0.48,0
2026-01-08 08:00:00,8,3,0,1,79,57,54,57,247,98.8,1.0,0
2026-01-08 09:00:00,9,3,0,1,82,59,78,62,281,100.0,1.0,0
2026-01-08 10:00:00,10,3,0,1,70,54,51,55,230,92.0,0.99,0
2026-01-08 11:00:00,11,3,0,0,39,26,28,35,128,51.2,0.49,0
2026-01-08 12:00:00,12,3,0,0,40,37,21,32,130,52.0,0.5,0
2026-01-08 13:00:00,13,3,0,0,44,33,36,32,145,58.0,0.55,0
2026-01-08 14:00:00,14,3,0,1,35,32,26,43,136,54.4,0.6,0
2026-01-08 15:00:00,15,3,0,0,38,37,33,33,141,56.4,0.53,0
2026-01-08 16:00:00,16,3,0,0,32,26,23,26,107,42.8,0.43,0
2026-01-08 17:00:00,17,3,0,1,75,48,51,51,225,90.0,0.97,1
2026-01-08 18:00:00,18,3,0,0,56,64,55,45,220,88.0,0.88,0
2026-01-08 19:00:00,19,3,0,0,66,48,46,57,217,86.8,0.87,0
2026-01-08 20:00:00,20,3,0,0,30,36,32,36,134,53.6,0.51,0
2026-01-08 21:00:00,21,3,0,0,43,36,31,25,135,54.0,0.52,0
2026-01-08 22:00:00,22,3,0,2,10,16,11,11,48,19.2,0.41,0
2026-01-08 23:00:00,23,3,0,0,10,8,10,9,37,14.8,0.21,0
2026-01-09 00:00:00,0,4,0,0,5,5,9,5,24,9.6,0.17,0
2026-01-09 01:00:00,1,4,0,1,6,8,6,12,32,12.8,0.28,0
2026-01-09 02:00:00,2,4,0,1,10,13,11,10,44,17.6,0.32,0
2026-01-09 03:00:00,3,4,0,0,13,9,1,10,33,13.2,0.2,0
2026-01-09 04:00:00,4,4,0,0,10,10,7,5,32,12.8,0.2,0
2026-01-09 05:00:00,5,4,0,0,5,8,5,9,27,10.8,0.18,0
2026-01-09 06:00:00,6,4,0,0,32,36,31,27,126,50.4,0.49,0
2026-01-09 07:00:00,7,4,0,0,32,42,26,19,119,47.6,0.47,0
2026-01-09 08:00:00,8,4,0,0,59,48,51,57,215,86.0,0.86,0
2026-01-09 09:00:00,9,4,0,1,75,66,52,54,247,98.8,1.0,0
2026-01-09 10:00:00,10,4,0,0,52,52,38,52,194,77.6,0.8,0
2026-01-09 11:00:00,11,4,0,0,37,25,29,27,118,47.2,0.46,0
2026-01-09 12:00:00,12,4,0,2,53,44,33,45,175,70.0,0.8,0
2026-01-09 13:00:00,13,4,0,0,30,33,28,24,115,46.0,0.45,0
2026-01-09 14:00:00,14,4,0,2,44,24,40,32,140,56.0,0.69,0
2026-01-09 15:00:00,15,4,0,0,32,37,26,35,130,52.0,0.5,0
2026-01-09 16:00:00,16,4,0,0,34,38,26,36,134,53.6,0.51,0
2026-01-09 17:00:00,17,4,0,0,75,68,49,50,242,96.8,0.94,0
2026-01-09 18:00:00,18,4,0,0,65,52,50,54,221,88.4,0.88,0
2026-01-09 19:00:00,19,4,0,0,58,62,45,40,205,82.0,0.83,0
2026-01-09 20:00:00,20,4,0,0,38,30,22,24,114,45.6,0.45,0
2026-01-09 21:00:00,21,4,0,0,35,45,37,32,149,59.6,0.56,0
2026-01-09 22:00:00,22,4,0,0,12,13,4,12,41,16.4,0.23,0
2026-01-09 23:00:00,23,4,0,0,12,8,6,7,33,13.2,0.2,0
2026-01-10 00:00:00,0,5,1,1,18,4,4,11,37,14.8,0.29,0
2026-01-10 01:00:00,1,5,1,1,14,9,8,10,41,16.4,0.31,1
2026-01-10 02:00:00,2,5,1,0,12,12,7,14,45,18.0,0.24,0
2026-01-10 03:00:00,3,5,1,0,13,6,7,12,38,15.2,0.22,0
2026-01-10 04:00:00,4,5,1,1,8,9,3,6,26,10.4,0.26,0
2026-01-10 05:00:00,5,5,1,0,15,8,10,6,39,15.6,0.22,0
2026-01-10 06:00:00,6,5,1,0,36,24,30,28,118,47.2,0.46,0
2026-01-10 07:00:00,7,5,1,0,32,33,19,28,112,44.8,0.44,0
2026-01-10 08:00:00,8,5,1,0,21,19,24,31,95,38.0,0.49,0
2026-01-10 09:00:00,9,5,1,0,33,24,26,27,110,44.0,0.54,0
2026-01-10 10:00:00,10,5,1,1,42,35,21,25,123,49.2,0.66,0
2026-01-10 11:00:00,11,5,1,1,33,52,32,34,151,60.4,0.64,1
2026-01-10 12:00:00,12,5,1,0,36,27,34,30,127,50.8,0.49,0
2026-01-10 13:00:00,13,5,1,0,37,37,32,32,138,55.2,0.52,0
2026-01-10 14:00:00,14,5,1,1,41,47,28,39,155,62.0,0.66,0
2026-01-10 15:00:00,15,5,1,0,33,31,38,22,124,49.6,0.48,0
2026-01-10 16:00:00,16,5,1,0,23,32,27,28,110,44.0,0.44,0
2026-01-10 17:00:00,17,5,1,0,28,26,34,37,125,50.0,0.58,0
2026-01-10 18:00:00,18,5,1,0,31,24,22,29,106,42.4,0.53,0
2026-01-10 19:00:00,19,5,1,0,31,28,29,17,105,42.0,0.52,0
2026-01-10 20:00:00,20,5,1,0,31,25,29,31,116,46.4,0.46,0
2026-01-10 21:00:00,21,5,1,0,37,37,39,24,137,54.8,0.52,0
2026-01-10 22:00:00,22,5,1,0,10,9,7,10,36,14.4,0.21,0
2026-01-10 23:00:00,23,5,1,0,10,8,5,7,30,12.0,0.19,0
2026-01-11 00:00:00,0,6,1,0,4,6,7,5,22,8.8,0.17,0
2026-01-11 01:00:00,1,6,1,0,17,3,6,8,34,13.6,0.2,0
2026-01-11 02:00:00,2,6,1,1,13,11,13,10,47,18.8,0.32,0
2026-01-11 03:00:00,3,6,1,0,7,10,7,10,34,13.6,0.2,0
2026-01-11 04:00:00,4,6,1,0,12,10,10,8,40,16.0,0.22,0
2026-01-11 05:00:00,5,6,1,0,10,8,11,8,37,14.8,0.21,0
2026-01-11 06:00:00,6,6,1,1,36,32,36,51,155,62.0,0.66,0
2026-01-11 07:00:00,7,6,1,0,39,26,25,32,122,48.8,0.48,0
2026-01-11 08:00:00,8,6,1,0,26,25,31,24,106,42.4,0.53,0
2026-01-11 09:00:00,9,6,1,0,22,24,31,30,107,42.8,0.53,0
2026-01-11 10:00:00,10,6,1,2,42,35,31,29,137,54.8,0.78,0
2026-01-11 11:00:00,11,6,1,0,49,34,25,23,131,52.4,0.5,0
2026-01-11 12:00:00,12,6,1,0,28,35,34,24,121,48.4,0.47,0
2026-01-11 13:00:00,13,6,1,0,39,33,31,36,139,55.6,0.53,0
2026-01-11 14:00:00,14,6,1,0,43,23,35,32,133,53.2,0.51,0
2026-01-11 15:00:00,15,6,1,2,40,39,33,39,151,60.4,0.72,0
2026-01-11 16:00:00,16,6,1,0,35,21,29,28,113,45.2,0.45,0
2026-01-11 17:00:00,17,6,1,1,36,29,32,26,123,49.2,0.66,0
2026-01-11 18:00:00,18,6,1,0,39,16,23,31,109,43.6,0.54,0
2026-01-11 19:00:00,19,6,1,0,20,36,17,23,96,38.4,0.5,0
2026-01-11 20:00:00,20,6,1,1,29,21,37,33,120,48.0,0.55,0
2026-01-11 21:00:00,21,6,1,1,49,41,27,24,141,56.4,0.61,0
2026-01-11 22:00:00,22,6,1,0,9,4,5,8,26,10.4,0.18,0
2026-01-11 23:00:00,23,6,1,0,8,6,8,12,34,13.6,0.2,0
2026-01-12 00:00:00,0,0,0,0,8,8,6,9,31,12.4,0.2,0
2026-01-12 01:00:00,1,0,0,2,14,9,7,11,41,16.4,0.39,0
2026-01-12 02:00:00,2,0,0,0,12,5,3,9,29,11.6,0.19,0
2026-01-12 03:00:00,3,0,0,0,7,11,13,12,43,17.2,0.23,0
2026-01-12 04:00:00,4,0,0,1,10,12,9,9,40,16.0,0.3,0
2026-01-12 05:00:00,5,0,0,1,9,10,9,5,33,13.2,0.28,0
2026-01-12 06:00:00,6,0,0,0,34,32,17,22,105,42.0,0.42,0
2026-01-12 07:00:00,7,0,0,0,37,29,37,31,134,53.6,0.51,0
2026-01-12 08:00:00,8,0,0,0,62,55,48,58,223,89.2,0.89,0
2026-01-12 09:00:00,9,0,0,0,64,49,45,63,221,88.4,0.88,0
2026-01-12 10:00:00,10,0,0,1,64,67,55,51,237,94.8,1.0,0
2026-01-12 11:00:00,11,0,0,0,30,32,17,22,101,40.4,0.41,0
2026-01-12 12:00:00,12,0,0,1,31,34,27,35,127,50.8,0.57,0
2026-01-12 13:00:00,13,0,0,0,26,23,35,33,117,46.8,0.46,0
2026-01-12 14:00:00,14,0,0,0,35,28,37,29,129,51.6,0.5,0
2026-01-12 15:00:00,15,0,0,0,30,38,28,28,124,49.6,0.48,0
2026-01-12 16:00:00,16,0,0,0,46,24,32,37,139,55.6,0.53,0
2026-01-12 17:00:00,17,0,0,0,50,60,44,57,211,84.4,0.85,0
2026-01-12 18:00:00,18,0,0,0,40,53,39,57,189,75.6,0.78,0
2026-01-12 19:00:00,19,0,0,0,47,66,56,65,234,93.6,0.92,0
2026-01-12 20:00:00,20,0,0,0,33,28,31,40,132,52.8,0.51,0
2026-01-12 21:00:00,21,0,0,1,26,32,29,33,120,48.0,0.55,0
2026-01-12 22:00:00,22,0,0,2,9,10,7,7,33,13.2,0.36,0
2026-01-12 23:00:00,23,0,0,0,12,10,9,8,39,15.6,0.22,0
2026-01-13 00:00:00,0,1,0,0,16,8,4,7,35,14.0,0.21,0
2026-01-13 01:00:00,1,1,0,2,11,18,6,7,42,16.8,0.39,0
2026-01-13 02:00:00,2,1,0,2,10,6,10,16,42,16.8,0.39,0
2026-01-13 03:00:00,3,1,0,1,6,12,8,13,39,15.6,0.3,0
2026-01-13 04:00:00,4,1,0,2,10,7,10,10,37,14.8,0.37,0
2026-01-13 05:00:00,5,1,0,0,14,7,6,9,36,14.4,0.21,0
2026-01-13 06:00:00,6,1,0,0,42,35,25,34,136,54.4,0.52,0
2026-01-13 07:00:00,7,1,0,0,34,26,22,31,113,45.2,0.45,0
2026-01-13 08:00:00,8,1,0,0,62,55,48,45,210,84.0,0.85,0
2026-01-13 09:00:00,9,1,0,0,60,48,57,40,205,82.0,0.83,0
2026-01-13 10:00:00,10,1,0,1,56,71,58,59,244,97.6,1.0,0
2026-01-13 11:00:00,11,1,0,0,34,32,31,23,120,48.0,0.47,0
2026-01-13 12:00:00,12,1,0,1,40,26,34,25,125,50.0,0.56,0
2026-01-13 13:00:00,13,1,0,0,30,43,34,22,129,51.6,0.5,0
2026-01-13 14:00:00,14,1,0,0,31,42,31,49,153,61.2,0.57,0
2026-01-13 15:00:00,15,1,0,0,38,41,15,36,130,52.0,0.5,0
2026-01-13 16:00:00,16,1,0,0,34,42,25,27,128,51.2,0.49,0
2026-01-13 17:00:00,17,1,0,0,64,49,39,50,202,80.8,0.82,0
2026-01-13 18:00:00,18,1,0,0,68,52,57,52,229,91.6,0.9,0
2026-01-13 19:00:00,19,1,0,2,88,68,63,74,293,100.0,1.0,0
2026-01-13 20:00:00,20,1,0,0,29,33,29,27,118,47.2,0.46,0
2026-01-13 21:00:00,21,1,0,0,37,36,23,22,118,47.2,0.46,0
2026-01-13 22:00:00,22,1,0,1,20,10,8,9,47,18.8,0.32,0
2026-01-13 23:00:00,23,1,0,0,11,10,8,8,37,14.8,0.21,0
2026-01-14 00:00:00,0,2,0,0,13,7,9,14,43,17.2,0.23,0
2026-01-14 01:00:00,1,2,0,0,8,11,6,6,31,12.4,0.2,0
2026-01-14 02:00:00,2,2,0,3,10,15,13,4,42,16.8,0.47,0
2026-01-14 03:00:00,3,2,0,2,13,13,13,6,45,18.0,0.4,0
2026-01-14 04:00:00,4,2,0,0,14,3,5,10,32,12.8,0.2,0
2026-01-14 05:00:00,5,2,0,0,9,13,9,9,40,16.0,0.22,0
2026-01-14 06:00:00,6,2,0,0,31,25,24,35,115,46.0,0.45,0
2026-01-14 07:00:00,7,2,0,2,32,39,40,32,143,57.2,0.7,0
2026-01-14 08:00:00,8,2,0,0,82,50,52,42,226,90.4,0.9,0
2026-01-14 09:00:00,9,2,0,0,55,60,46,49,210,84.0,0.85,0
2026-01-14 10:00:00,10,2,0,2,93,88,70,45,296,100.0,1.0,0
2026-01-14 11:00:00,11,2,0,0,38,46,21,32,137,54.8,0.52,1
2026-01-14 12:00:00,12,2,0,0,34,21,28,29,112,44.8,0.44,0
2026-01-14 13:00:00,13,2,0,0,43,32,30,29,134,53.6,0.51,0
2026-01-14 14:00:00,14,2,0,0,36,30,34,21,121,48.4,0.47,0
2026-01-14 15:00:00,15,2,0,0,39,34,33,32,138,55.2,0.52,0
2026-01-14 16:00:00,16,2,0,1,42,34,35,25,136,54.4,0.6,0
2026-01-14 17:00:00,17,2,0,2,78,71,72,65,286,100.0,1.0,0
2026-01-14 18:00:00,18,2,0,1,66,62,48,58,234,93.6,1.0,0
2026-01-14 19:00:00,19,2,0,0,77,46,44,47,214,85.6,0.86,0
2026-01-14 20:00:00,20,2,0,0,34,29,24,34,121,48.4,0.47,0
2026-01-14 21:00:00,21,2,0,0,34,29,23,27,113,45.2,0.45,0
2026-01-14 22:00:00,22,2,0,2,7,15,3,13,38,15.2,0.38,1
2026-01-14 23:00:00,23,2,0,0,11,11,3,8,33,13.2,0.2,0
2026-01-15 00:00:00,0,3,0,0,6,8,4,10,28,11.2,0.19,0
2026-01-15 01:00:00,1,3,0,1,8,10,8,8,34,13.6,0.28,0
2026-01-15 02:00:00,2,3,0,3,18,21,8,10,57,22.8,0.52,0
2026-01-15 03:00:00,3,3,0,0,5,10,11,11,37,14.8,0.21,0
2026-01-15 04:00:00,4,3,0,0,9,11,8,5,33,13.2,0.2,0
2026-01-15 05:00:00,5,3,0,0,7,9,3,11,30,12.0,0.19,0
2026-01-15 06:00:00,6,3,0,0,28,38,37,38,141,56.4,0.53,0
2026-01-15 07:00:00,7,3,0,0,30,34,32,31,127,50.8,0.49,0
2026-01-15 08:00:00,8,3,0,1,63,57,65,70,255,100.0,1.0,0
2026-01-15 09:00:00,9,3,0,0,71,50,62,48,231,92.4,0.91,0
2026-01-15 10:00:00,10,3,0,0,58,66,47,46,217,86.8,0.87,0
2026-01-15 11:00:00,11,3,0,2,52,42,36,40,170,68.0,0.78,0
2026-01-15 12:00:00,12,3,0,0,35,31,29,27,122,48.8,0.48,0
2026-01-15 13:00:00,13,3,0,0,33,29,24,18,104,41.6,0.42,0
2026-01-15 14:00:00,14,3,0,2,52,48,48,28,176,70.4,0.8,0
2026-01-15 15:00:00,15,3,0,0,35,31,26,33,125,50.0,0.48,0
2026-01-15 16:00:00,16,3,0,0,27,36,19,35,117,46.8,0.46,0
2026-01-15 17:00:00,17,3,0,1,73,70,48,49,240,96.0,1.0,0
2026-01-15 18:00:00,18,3,0,1,59,71,64,51,245,98.0,1.0,0
2026-01-15 19:00:00,19,3,0,0,62,49,36,51,198,79.2,0.81,0
2026-01-15 20:00:00,20,3,0,0,35,35,17,43,130,52.0,0.5,0
2026-01-15 21:00:00,21,3,0,0,36,29,29,28,122,48.8,0.48,1
2026-01-15 22:00:00,22,3,0,0,14,12,8,9,43,17.2,0.23,0
2026-01-15 23:00:00,23,3,0,2,10,6,10,15,41,16.4,0.39,0
2026-01-16 00:00:00,0,4,0,1,14,12,8,10,44,17.6,0.32,0
2026-01-16 01:00:00,1,4,0,0,14,8,8,15,45,18.0,0.24,0
2026-01-16 02:00:00,2,4,0,1,10,9,9,5,33,13.2,0.28,0
2026-01-16 03:00:00,3,4,0,0,14,8,3,9,34,13.6,0.2,0
2026-01-16 04:00:00,4,4,0,0,11,9,13,4,37,14.8,0.21,0
2026-01-16 05:00:00,5,4,0,0,9,5,11,9,34,13.6,0.2,0
2026-01-16 06:00:00,6,4,0,0,28,26,27,20,101,40.4,0.41,0
2026-01-16 07:00:00,7,4,0,2,52,36,39,26,153,61.2,0.73,0
2026-01-16 08:00:00,8,4,0,0,52,72,36,48,208,83.2,0.84,0
2026-01-16 09:00:00,9,4,0,0,52,49,41,50,192,76.8,0.79,0
2026-01-16 10:00:00,10,4,0,0,57,54,46,49,206,82.4,0.83,0
2026-01-16 11:00:00,11,4,0,0,37,19,28,25,109,43.6,0.44,0
2026-01-16 12:00:00,12,4,0,0,45,30,16,31,122,48.8,0.48,0
2026-01-16 13:00:00,13,4,0,0,38,34,20,29,121,48.4,0.47,0
2026-01-16 14:00:00,14,4,0,0,31,39,16,34,120,48.0,0.47,0
2026-01-16 15:00:00,15,4,0,2,44,37,40,55,176,70.4,0.8,0
2026-01-16 16:00:00,16,4,0,2,48,31,33,37,149,59.6,0.72,0
2026-01-16 17:00:00,17,4,0,0,58,53,30,52,193,77.2,0.79,0
2026-01-16 18:00:00,18,4,0,1,63,60,48,60,231,92.4,0.99,0
2026-01-16 19:00:00,19,4,0,0,63,46,54,48,211,84.4,0.85,1
2026-01-16 20:00:00,20,4,0,0,29,37,23,37,126,50.4,0.49,0
2026-01-16 21:00:00,21,4,0,0,40,37,28,23,128,51.2,0.49,0
2026-01-16 22:00:00,22,4,0,0,11,12,9,10,42,16.8,0.23,0
2026-01-16 23:00:00,23,4,0,0,9,9,6,7,31,12.4,0.2,0
2026-01-17 00:00:00,0,5,1,2,10,10,13,9,42,16.8,0.39,0
2026-01-17 01:00:00,1,5,1,1,16,11,12,9,48,19.2,0.33,0
2026-01-17 02:00:00,2,5,1,2,11,13,14,11,49,19.6,0.41,0
2026-01-17 03:00:00,3,5,1,0,13,11,7,10,41,16.4,0.23,0
2026-01-17 04:00:00,4,5,1,0,8,11,5,8,32,12.8,0.2,0
2026-01-17 05:00:00,5,5,1,0,14,6,8,7,35,14.0,0.21,0
2026-01-17 06:00:00,6,5,1,0,43,28,28,27,126,50.4,0.49,0
2026-01-17 07:00:00,7,5,1,0,38,44,28,33,143,57.2,0.54,0
2026-01-17 08:00:00,8,5,1,0,34,28,24,21,107,42.8,0.53,0
2026-01-17 09:00:00,9,5,1,0,30,25,24,22,101,40.4,0.51,0
2026-01-17 10:00:00,10,5,1,1,47,32,39,36,154,61.6,0.75,0
2026-01-17 11:00:00,11,5,1,0,42,29,29,38,138,55.2,0.52,0
2026-01-17 12:00:00,12,5,1,0,37,22,26,21,106,42.4,0.43,0
2026-01-17 13:00:00,13,5,1,3,52,40,39,43,174,69.6,0.88,1
2026-01-17 14:00:00,14,5,1,0,44,27,31,28,130,52.0,0.5,0
2026-01-17 15:00:00,15,5,1,0,53,33,27,36,149,59.6,0.56,0
2026-01-17 16:00:00,16,5,1,0,29,35,31,28,123,49.2,0.48,0
2026-01-17 17:00:00,17,5,1,0,27,30,23,21,101,40.4,0.51,0
2026-01-17 18:00:00,18,5,1,0,25,20,15,28,88,35.2,0.47,0
2026-01-17 19:00:00,19,5,1,0,26,20,23,27,96,38.4,0.5,0
2026-01-17 20:00:00,20,5,1,0,33,27,26,28,114,45.6,0.45,0
2026-01-17 21:00:00,21,5,1,1,43,33,32,34,142,56.8,0.62,1
2026-01-17 22:00:00,22,5,1,1,10,11,6,11,38,15.2,0.3,0
2026-01-17 23:00:00,23,5,1,3,15,11,8,13,47,18.8,0.48,0
2026-01-18 00:00:00,0,6,1,3,8,20,11,5,44,17.6,0.48,0
2026-01-18 01:00:00,1,6,1,0,12,2,10,6,30,12.0,0.19,0
2026-01-18 02:00:00,2,6,1,2,10,10,15,13,48,19.2,0.41,1
2026-01-18 03:00:00,3,6,1,0,8,7,9,14,38,15.2,0.22,0
2026-01-18 04:00:00,4,6,1,3,5,14,18,7,44,17.6,0.48,0
2026-01-18 05:00:00,5,6,1,0,9,10,6,8,33,13.2,0.2,0
2026-01-18 06:00:00,6,6,1,0,34,25,25,23,107,42.8,0.43,0
2026-01-18 07:00:00,7,6,1,0,30,27,36,32,125,50.0,0.48,0
2026-01-18 08:00:00,8,6,1,1,37,26,19,28,110,44.0,0.62,0
2026-01-18 09:00:00,9,6,1,0,27,24,31,25,107,42.8,0.53,0
2026-01-18 10:00:00,10,6,1,0,41,28,23,29,121,48.4,0.57,0
2026-01-18 11:00:00,11,6,1,0,30,17,20,33,100,40.0,0.41,0
2026-01-18 12:00:00,12,6,1,0,30,23,23,38,114,45.6,0.45,0
2026-01-18 13:00:00,13,6,1,0,33,31,39,31,134,53.6,0.51,0
2026-01-18 14:00:00,14,6,1,0,28,33,26,31,118,47.2,0.46,0
2026-01-18 15:00:00,15,6,1,0,41,38,21,26,126,50.4,0.49,0
2026-01-18 16:00:00,16,6,1,0,35,30,21,18,104,41.6,0.42,1
2026-01-18 17:00:00,17,6,1,0,24,25,30,26,105,42.0,0.52,0
2026-01-18 18:00:00,18,6,1,0,32,16,25,18,91,36.4,0.48,0
2026-01-18 19:00:00,19,6,1,0,27,21,29,25,102,40.8,0.51,0
2026-01-18 20:00:00,20,6,1,0,36,27,21,28,112,44.8,0.44,0
2026-01-18 21:00:00,21,6,1,0,36,35,20,32,123,49.2,0.48,0
2026-01-18 22:00:00,22,6,1,0,16,11,7,9,43,17.2,0.23,0
2026-01-18 23:00:00,23,6,1,1,6,6,9,14,35,14.0,0.29,0
2026-01-19 00:00:00,0,0,0,0,8,8,9,12,37,14.8,0.21,0
2026-01-19 01:00:00,1,0,0,0,10,7,7,5,29,11.6,0.19,0
2026-01-19 02:00:00,2,0,0,0,13,9,11,5,38,15.2,0.22,0
2026-01-19 03:00:00,3,0,0,0,14,11,11,8,44,17.6,0.24,1
2026-01-19 04:00:00,4,0,0,0,7,9,7,9,32,12.8,0.2,0
2026-01-19 05:00:00,5,0,0,3,8,13,8,2,31,12.4,0.44,0
2026-01-19 06:00:00,6,0,0,0,28,42,26,28,124,49.6,0.48,0
2026-01-19 07:00:00,7,0,0,0,32,28,18,28,106,42.4,0.43,0
2026-01-19 08:00:00,8,0,0,0,54,39,40,57,190,76.0,0.78,0
2026-01-19 09:00:00,9,0,0,0,60,50,41,62,213,85.2,0.86,0
2026-01-19 10:00:00,10,0,0,0,50,54,47,53,204,81.6,0.83,0
2026-01-19 11:00:00,11,0,0,1,47,28,35,32,142,56.8,0.62,0
2026-01-19 12:00:00,12,0,0,0,57,33,35,35,160,64.0,0.59,0
2026-01-19 13:00:00,13,0,0,1,37,40,23,35,135,54.0,0.6,0
2026-01-19 14:00:00,14,0,0,0,34,29,34,33,130,52.0,0.5,0
2026-01-19 15:00:00,15,0,0,1,48,39,27,28,142,56.8,0.62,0
2026-01-19 16:00:00,16,0,0,0,32,32,24,31,119,47.6,0.47,0
2026-01-19 17:00:00,17,0,0,1,69,66,54,67,256,100.0,1.0,0
2026-01-19 18:00:00,18,0,0,1,67,65,54,57,243,97.2,1.0,0
2026-01-19 19:00:00,19,0,0,0,67,55,47,54,223,89.2,0.89,1
2026-01-19 20:00:00,20,0,0,1,41,32,32,26,131,52.4,0.58,0
2026-01-19 21:00:00,21,0,0,0,40,37,20,29,126,50.4,0.49,0
2026-01-19 22:00:00,22,0,0,0,9,10,9,8,36,14.4,0.21,0
2026-01-19 23:00:00,23,0,0,0,9,8,4,6,27,10.8,0.18,0
2026-01-20 00:00:00,0,1,0,1,20,6,9,14,49,19.6,0.33,0
2026-01-20 01:00:00,1,1,0,0,8,8,7,7,30,12.0,0.19,0
2026-01-20 02:00:00,2,1,0,3,14,10,15,8,47,18.8,0.48,0
2026-01-20 03:00:00,3,1,0,1,13,9,13,11,46,18.4,0.32,0
2026-01-20 04:00:00,4,1,0,0,15,8,7,10,40,16.0,0.22,0
2026-01-20 05:00:00,5,1,0,0,11,12,4,6,33,13.2,0.2,0
2026-01-20 06:00:00,6,1,0,1,35,39,27,40,141,56.4,0.61,0
2026-01-20 07:00:00,7,1,0,0,41,28,28,29,126,50.4,0.49,0
2026-01-20 08:00:00,8,1,0,0,52,48,45,52,197,78.8,0.81,0
2026-01-20 09:00:00,9,1,0,2,75,71,67,58,271,100.0,1.0,0
2026-01-20 10:00:00,10,1,0,0,60,39,39,52,190,76.0,0.78,1
2026-01-20 11:00:00,11,1,0,1,33,33,28,28,122,48.8,0.56,0
2026-01-20 12:00:00,12,1,0,0,31,32,27,27,117,46.8,0.46,0
2026-01-20 13:00:00,13,1,0,0,39,21,33,32,125,50.0,0.48,0
2026-01-20 14:00:00,14,1,0,1,40,44,28,28,140,56.0,0.61,0
2026-01-20 15:00:00,15,1,0,1,37,33,25,28,123,49.2,0.56,0
2026-01-20 16:00:00,16,1,0,3,47,31,42,42,162,64.8,0.84,0
2026-01-20 17:00:00,17,1,0,0,51,44,50,45,190,76.0,0.78,0
2026-01-20 18:00:00,18,1,0,1,60,54,55,49,218,87.2,0.95,0
2026-01-20 19:00:00,19,1,0,0,58,48,49,67,222,88.8,0.88,0
2026-01-20 20:00:00,20,1,0,0,40,28,29,30,127,50.8,0.49,0
2026-01-20 21:00:00,21,1,0,0,44,24,27,23,118,47.2,0.46,0
2026-01-20 22:00:00,22,1,0,0,13,8,9,7,37,14.8,0.21,0
2026-01-20 23:00:00,23,1,0,0,9,9,6,6,30,12.0,0.19,0
2026-01-21 00:00:00,0,2,0,0,11,10,3,6,30,12.0,0.19,0
2026-01-21 01:00:00,1,2,0,1,13,8,10,14,45,18.0,0.32,0
2026-01-21 02:00:00,2,2,0,0,13,7,11,7,38,15.2,0.22,0
2026-01-21 03:00:00,3,2,0,0,8,8,6,10,32,12.8,0.2,1
2026-01-21 04:00:00,4,2,0,0,9,8,11,5,33,13.2,0.2,0
2026-01-21 05:00:00,5,2,0,0,13,11,9,8,41,16.4,0.23,0
2026-01-21 06:00:00,6,2,0,0,20,38,23,39,120,48.0,0.47,0
2026-01-21 07:00:00,7,2,0,0,35,27,35,28,125,50.0,0.48,0
2026-01-21 08:00:00,8,2,0,1,77,67,51,54,249,99.6,1.0,0
2026-01-21 09:00:00,9,2,0,0,58,48,47,51,204,81.6,0.83,0
2026-01-21 10:00:00,10,2,0,1,63,78,56,54,251,100.0,1.0,0
2026-01-21 11:00:00,11,2,0,0,28,26,39,30,123,49.2,0.48,0
2026-01-21 12:00:00,12,2,0,0,43,34,27,25,129,51.6,0.5,0
2026-01-21 13:00:00,13,2,0,0,40,34,28,28,130,52.0,0.5,0
2026-01-21 14:00:00,14,2,0,0,39,29,26,30,124,49.6,0.48,0
2026-01-21 15:00:00,15,2,0,0,28,42,30,38,138,55.2,0.52,0
2026-01-21 16:00:00,16,2,0,0,42,27,24,14,107,42.8,0.43,0
2026-01-21 17:00:00,17,2,0,0,53,55,46,41,195,78.0,0.8,0
2026-01-21 18:00:00,18,2,0,1,74,74,70,67,285,100.0,1.0,0
2026-01-21 19:00:00,19,2,0,2,83,91,65,83,322,100.0,1.0,0
2026-01-21 20:00:00,20,2,0,0,41,40,18,30,129,51.6,0.5,0
2026-01-21 21:00:00,21,2,0,0,26,32,26,28,112,44.8,0.44,0
2026-01-21 22:00:00,22,2,0,0,16,6,9,8,39,15.6,0.22,0
2026-01-21 23:00:00,23,2,0,0,12,6,7,10,35,14.0,0.21,0
2026-01-22 00:00:00,0,3,0,0,10,12,8,11,41,16.4,0.23,0
2026-01-22 01:00:00,1,3,0,1,10,11,10,12,43,17.2,0.31,0
2026-01-22 02:00:00,2,3,0,1,12,5,5,13,35,14.0,0.29,1
2026-01-22 03:00:00,3,3,0,0,10,8,6,15,39,15.6,0.22,0
2026-01-22 04:00:00,4,3,0,0,8,3,5,9,25,10.0,0.18,0
2026-01-22 05:00:00,5,3,0,1,13,14,10,4,41,16.4,0.31,0
2026-01-22 06:00:00,6,3,0,0,21,25,27,29,102,40.8,0.41,0
2026-01-22 07:00:00,7,3,0,0,39,42,27,31,139,55.6,0.53,0
2026-01-22 08:00:00,8,3,0,0,61,58,41,56,216,86.4,0.86,0
2026-01-22 09:00:00,9,3,0,0,62,58,47,67,234,93.6,0.92,0
2026-01-22 10:00:00,10,3,0,0,69,53,54,53,229,91.6,0.9,0
2026-01-22 11:00:00,11,3,0,0,34,23,40,41,138,55.2,0.52,0
2026-01-22 12:00:00,12,3,0,0,41,32,29,20,122,48.8,0.48,0
2026-01-22 13:00:00,13,3,0,0,32,40,34,21,127,50.8,0.49,0
2026-01-22 14:00:00,14,3,0,0,32,36,23,30,121,48.4,0.47,0
2026-01-22 15:00:00,15,3,0,2,53,39,42,28,162,64.8,0.76,0
2026-01-22 16:00:00,16,3,0,0,33,29,26,34,122,48.8,0.48,0
2026-01-22 17:00:00,17,3,0,0,60,59,57,65,241,96.4,0.94,0
2026-01-22 18:00:00,18,3,0,0,46,59,44,60,209,83.6,0.84,0
2026-01-22 19:00:00,19,3,0,0,65,58,48,42,213,85.2,0.86,0
2026-01-22 20:00:00,20,3,0,1,40,29,25,28,122,48.8,0.56,0
2026-01-22 21:00:00,21,3,0,2,37,48,31,20,136,54.4,0.68,0
2026-01-22 22:00:00,22,3,0,0,7,9,6,11,33,13.2,0.2,0
2026-01-22 23:00:00,23,3,0,1,14,4,9,9,36,14.4,0.29,0
2026-01-23 00:00:00,0,4,0,1,8,9,3,10,30,12.0,0.27,0
2026-01-23 01:00:00,1,4,0,1,8,14,12,8,42,16.8,0.31,0
2026-01-23 02:00:00,2,4,0,0,10,14,12,11,47,18.8,0.24,0
2026-01-23 03:00:00,3,4,0,0,8,9,9,5,31,12.4,0.2,0
2026-01-23 04:00:00,4,4,0,0,8,7,9,8,32,12.8,0.2,0
2026-01-23 05:00:00,5,4,0,0,10,2,4,5,21,8.4,0.16,0
2026-01-23 06:00:00,6,4,0,0,43,33,19,21,116,46.4,0.46,1
2026-01-23 07:00:00,7,4,0,0,26,34,17,32,109,43.6,0.44,0
2026-01-23 08:00:00,8,4,0,0,54,53,52,45,204,81.6,0.83,0
2026-01-23 09:00:00,9,4,0,1,75,55,56,59,245,98.0,1.0,0
2026-01-23 10:00:00,10,4,0,1,56,51,39,50,196,78.4,0.88,0
2026-01-23 11:00:00,11,4,0,2,48,42,46,40,176,70.4,0.8,0
2026-01-23 12:00:00,12,4,0,0,41,28,34,41,144,57.6,0.54,0
2026-01-23 13:00:00,13,4,0,0,32,33,35,32,132,52.8,0.51,0
2026-01-23 14:00:00,14,4,0,2,41,35,31,49,156,62.4,0.74,0
2026-01-23 15:00:00,15,4,0,0,44,29,25,23,121,48.4,0.47,0
2026-01-23 16:00:00,16,4,0,1,42,35,31,33,141,56.4,0.61,0
2026-01-23 17:00:00,17,4,0,0,56,48,51,57,212,84.8,0.85,0
2026-01-23 18:00:00,18,4,0,2,88,63,61,67,279,100.0,1.0,0
2026-01-23 19:00:00,19,4,0,0,62,52,42,43,199,79.6,0.81,0
2026-01-23 20:00:00,20,4,0,1,37,40,28,28,133,53.2,0.59,0
2026-01-23 21:00:00,21,4,0,0,28,31,22,32,113,45.2,0.45,0
2026-01-23 22:00:00,22,4,0,0,12,10,7,10,39,15.6,0.22,0
2026-01-23 23:00:00,23,4,0,0,14,10,6,10,40,16.0,0.22,0
2026-01-24 00:00:00,0,5,1,0,12,6,6,11,35,14.0,0.21,0
2026-01-24 01:00:00,1,5,1,0,7,12,6,5,30,12.0,0.19,0
2026-01-24 02:00:00,2,5,1,0,14,10,10,7,41,16.4,0.23,0
2026-01-24 03:00:00,3,5,1,0,8,11,9,7,35,14.0,0.21,0
2026-01-24 04:00:00,4,5,1,0,9,10,10,8,37,14.8,0.21,0
2026-01-24 05:00:00,5,5,1,2,18,16,18,9,61,24.4,0.45,0
2026-01-24 06:00:00,6,5,1,0,54,27,30,25,136,54.4,0.52,0
2026-01-24 07:00:00,7,5,1,1,44,34,25,35,138,55.2,0.6,0
2026-01-24 08:00:00,8,5,1,1,31,24,29,39,123,49.2,0.66,0
2026-01-24 09:00:00,9,5,1,0,29,30,20,24,103,41.2,0.52,0
2026-01-24 10:00:00,10,5,1,3,52,33,34,29,148,59.2,0.9,0
2026-01-24 11:00:00,11,5,1,0,41,33,33,33,140,56.0,0.53,0
2026-01-24 12:00:00,12,5,1,0,35,27,32,32,126,50.4,0.49,0
2026-01-24 13:00:00,13,5,1,0,30,33,28,26,117,46.8,0.46,0
2026-01-24 14:00:00,14,5,1,0,39,37,27,33,136,54.4,0.52,0
2026-01-24 15:00:00,15,5,1,0,32,34,30,34,130,52.0,0.5,0
2026-01-24 16:00:00,16,5,1,0,43,30,29,38,140,56.0,0.53,0
2026-01-24 17:00:00,17,5,1,1,49,32,24,29,134,53.6,0.69,0
2026-01-24 18:00:00,18,5,1,0,34,35,21,24,114,45.6,0.55,0
2026-01-24 19:00:00,19,5,1,0,34,19,30,35,118,47.2,0.56,0
2026-01-24 20:00:00,20,5,1,1,35,46,24,33,138,55.2,0.6,0
2026-01-24 21:00:00,21,5,1,0,41,36,26,37,140,56.0,0.53,0
2026-01-24 22:00:00,22,5,1,0,5,12,8,13,38,15.2,0.22,0
2026-01-24 23:00:00,23,5,1,1,13,18,9,3,43,17.2,0.31,0
2026-01-25 00:00:00,0,6,1,0,7,8,8,12,35,14.0,0.21,0
2026-01-25 01:00:00,1,6,1,0,10,8,4,12,34,13.6,0.2,0
2026-01-25 02:00:00,2,6,1,0,7,9,9,8,33,13.2,0.2,0
2026-01-25 03:00:00,3,6,1,0,12,3,10,8,33,13.2,0.2,0
2026-01-25 04:00:00,4,6,1,1,5,11,10,9,35,14.0,0.29,0
2026-01-25 05:00:00,5,6,1,0,7,14,11,4,36,14.4,0.21,0
2026-01-25 06:00:00,6,6,1,0,33,33,25,30,121,48.4,0.47,0
2026-01-25 07:00:00,7,6,1,0,25,33,31,26,115,46.0,0.45,0
2026-01-25 08:00:00,8,6,1,1,32,24,21,26,103,41.2,0.6,0
2026-01-25 09:00:00,9,6,1,1,37,29,26,24,116,46.4,0.64,0
2026-01-25 10:00:00,10,6,1,0,20,27,20,27,94,37.6,0.49,1
2026-01-25 11:00:00,11,6,1,1,34,34,29,39,136,54.4,0.6,0
2026-01-25 12:00:00,12,6,1,2,37,44,32,42,155,62.0,0.74,0
2026-01-25 13:00:00,13,6,1,0,40,22,35,33,130,52.0,0.5,0
2026-01-25 14:00:00,14,6,1,0,35,29,22,31,117,46.8,0.46,0
2026-01-25 15:00:00,15,6,1,0,48,34,27,34,143,57.2,0.54,0
2026-01-25 16:00:00,16,6,1,0,37,29,23,33,122,48.8,0.48,0
2026-01-25 17:00:00,17,6,1,1,34,28,31,29,122,48.8,0.66,0
2026-01-25 18:00:00,18,6,1,0,27,38,31,23,119,47.6,0.57,0
2026-01-25 19:00:00,19,6,1,3,37,52,47,53,189,75.6,1.0,1
2026-01-25 20:00:00,20,6,1,2,45,42,35,53,175,70.0,0.8,0
2026-01-25 21:00:00,21,6,1,2,52,45,40,36,173,69.2,0.79,0
2026-01-25 22:00:00,22,6,1,0,6,11,5,7,29,11.6,0.19,0
2026-01-25 23:00:00,23,6,1,3,11,15,17,8,51,20.4,0.5,0
2026-01-26 00:00:00,0,0,0,2,13,10,13,13,49,19.6,0.41,1
2026-01-26 01:00:00,1,0,0,0,9,12,12,12,45,18.0,0.24,0
2026-01-26 02:00:00,2,0,0,0,8,11,6,9,34,13.6,0.2,0
2026-01-26 03:00:00,3,0,0,2,10,13,11,11,45,18.0,0.4,0
2026-01-26 04:00:00,4,0,0,0,9,8,7,6,30,12.0,0.19,0
2026-01-26 05:00:00,5,0,0,0,8,4,6,5,23,9.2,0.17,0
2026-01-26 06:00:00,6,0,0,0,40,31,39,31,141,56.4,0.53,0
2026-01-26 07:00:00,7,0,0,2,41,45,37,31,154,61.6,0.73,0
2026-01-26 08:00:00,8,0,0,0,51,64,39,60,214,85.6,0.86,1
2026-01-26 09:00:00,9,0,0,0,62,44,60,53,219,87.6,0.87,0
2026-01-26 10:00:00,10,0,0,1,65,67,48,57,237,94.8,1.0,0
2026-01-26 11:00:00,11,0,0,1,39,29,36,37,141,56.4,0.61,0
2026-01-26 12:00:00,12,0,0,0,33,25,30,25,113,45.2,0.45,0
2026-01-26 13:00:00,13,0,0,0,36,31,27,31,125,50.0,0.48,0
2026-01-26 14:00:00,14,0,0,0,33,30,20,28,111,44.4,0.44,0
2026-01-26 15:00:00,15,0,0,1,40,33,35,33,141,56.4,0.61,0
2026-01-26 16:00:00,16,0,0,3,49,46,47,43,185,74.0,0.91,0
2026-01-26 17:00:00,17,0,0,0,58,63,50,49,220,88.0,0.88,0
2026-01-26 18:00:00,18,0,0,0,55,64,36,47,202,80.8,0.82,1
2026-01-26 19:00:00,19,0,0,0,64,63,47,43,217,86.8,0.87,0
2026-01-26 20:00:00,20,0,0,0,41,30,29,28,128,51.2,0.49,0
2026-01-26 21:00:00,21,0,0,1,40,32,37,34,143,57.2,0.62,0
2026-01-26 22:00:00,22,0,0,0,14,7,10,9,40,16.0,0.22,0
2026-01-26 23:00:00,23,0,0,0,9,14,13,3,39,15.6,0.22,0
2026-01-27 00:00:00,0,1,0,0,9,12,9,11,41,16.4,0.23,0
2026-01-27 01:00:00,1,1,0,0,15,5,5,10,35,14.0,0.21,0
2026-01-27 02:00:00,2,1,0,0,11,9,10,11,41,16.4,0.23,0
2026-01-27 03:00:00,3,1,0,2,10,10,15,10,45,18.0,0.4,0
2026-01-27 04:00:00,4,1,0,1,10,8,6,11,35,14.0,0.29,0
2026-01-27 05:00:00,5,1,0,0,6,6,10,3,25,10.0,0.18,0
2026-01-27 06:00:00,6,1,0,0,26,28,29,33,116,46.4,0.46,0
2026-01-27 07:00:00,7,1,0,1,44,37,34,27,142,56.8,0.62,0
2026-01-27 08:00:00,8,1,0,0,59,52,45,41,197,78.8,0.81,0
2026-01-27 09:00:00,9,1,0,0,76,46,48,45,215,86.0,0.86,0
2026-01-27 10:00:00,10,1,0,2,83,63,79,75,300,100.0,1.0,0
2026-01-27 11:00:00,11,1,0,0,26,36,22,31,115,46.0,0.45,0
2026-01-27 12:00:00,12,1,0,3,59,52,30,39,180,72.0,0.89,0
2026-01-27 13:00:00,13,1,0,2,35,39,39,52,165,66.0,0.77,0
2026-01-27 14:00:00,14,1,0,0,42,26,20,26,114,45.6,0.45,0
2026-01-27 15:00:00,15,1,0,0,23,31,25,38,117,46.8,0.46,0
2026-01-27 16:00:00,16,1,0,0,33,36,28,31,128,51.2,0.49,0
2026-01-27 17:00:00,17,1,0,2,68,83,54,67,272,100.0,1.0,0
2026-01-27 18:00:00,18,1,0,0,52,52,48,42,194,77.6,0.8,0
2026-01-27 19:00:00,19,1,0,2,88,63,50,71,272,100.0,1.0,0
2026-01-27 20:00:00,20,1,0,0,49,38,23,29,139,55.6,0.53,0
2026-01-27 21:00:00,21,1,0,0,40,28,30,37,135,54.0,0.52,0
2026-01-27 22:00:00,22,1,0,0,8,3,6,3,20,8.0,0.16,0
2026-01-27 23:00:00,23,1,0,0,16,14,5,10,45,18.0,0.24,0
2026-01-28 00:00:00,0,2,0,0,14,10,11,13,48,19.2,0.25,0
2026-01-28 01:00:00,1,2,0,0,14,6,7,9,36,14.4,0.21,0
2026-01-28 02:00:00,2,2,0,1,9,10,16,6,41,16.4,0.31,0
2026-01-28 03:00:00,3,2,0,1,13,4,8,6,31,12.4,0.28,0
2026-01-28 04:00:00,4,2,0,0,10,8,6,11,35,14.0,0.21,0
2026-01-28 05:00:00,5,2,0,0,8,3,12,4,27,10.8,0.18,0
2026-01-28 06:00:00,6,2,0,0,32,32,20,21,105,42.0,0.42,0
2026-01-28 07:00:00,7,2,0,2,32,19,40,45,136,54.4,0.68,0
2026-01-28 08:00:00,8,2,0,0,56,55,54,57,222,88.8,0.88,1
2026-01-28 09:00:00,9,2,0,0,62,67,61,47,237,94.8,0.93,0
2026-01-28 10:00:00,10,2,0,0,64,47,44,57,212,84.8,0.85,0
2026-01-28 11:00:00,11,2,0,0,34,27,28,21,110,44.0,0.44,0
2026-01-28 12:00:00,12,2,0,0,32,41,22,32,127,50.8,0.49,0
2026-01-28 13:00:00,13,2,0,0,38,30,27,23,118,47.2,0.46,0
2026-01-28 14:00:00,14,2,0,1,46,47,28,27,148,59.2,0.64,0
2026-01-28 15:00:00,15,2,0,0,38,29,27,23,117,46.8,0.46,0
2026-01-28 16:00:00,16,2,0,0,38,27,29,35,129,51.6,0.5,0
2026-01-28 17:00:00,17,2,0,0,67,57,50,59,233,93.2,0.92,0
2026-01-28 18:00:00,18,2,0,1,49,58,67,42,216,86.4,0.94,0
2026-01-28 19:00:00,19,2,0,2,72,70,61,74,277,100.0,1.0,0
2026-01-28 20:00:00,20,2,0,0,38,38,30,30,136,54.4,0.52,0
2026-01-28 21:00:00,21,2,0,0,33,18,30,23,104,41.6,0.42,0
2026-01-28 22:00:00,22,2,0,0,13,11,11,5,40,16.0,0.22,0
2026-01-28 23:00:00,23,2,0,1,9,10,9,8,36,14.4,0.29,0
2026-01-29 00:00:00,0,3,0,1,8,6,8,12,34,13.6,0.28,0
2026-01-29 01:00:00,1,3,0,0,9,5,1,6,21,8.4,0.16,0
2026-01-29 02:00:00,2,3,0,0,12,6,13,9,40,16.0,0.22,0
2026-01-29 03:00:00,3,3,0,1,5,6,13,6,30,12.0,0.27,0
2026-01-29 04:00:00,4,3,0,0,9,9,8,7,33,13.2,0.2,0
2026-01-29 05:00:00,5,3,0,0,12,13,7,11,43,17.2,0.23,0
2026-01-29 06:00:00,6,3,0,0,36,29,25,34,124,49.6,0.48,0
2026-01-29 07:00:00,7,3,0,1,37,36,34,37,144,57.6,0.62,0
2026-01-29 08:00:00,8,3,0,1,69,67,46,74,256,100.0,1.0,0
2026-01-29 09:00:00,9,3,0,0,66,45,41,50,202,80.8,0.82,0
2026-01-29 10:00:00,10,3,0,0,64,44,35,56,199,79.6,0.81,0
2026-01-29 11:00:00,11,3,0,0,36,26,30,26,118,47.2,0.46,0
2026-01-29 12:00:00,12,3,0,0,45,34,28,38,145,58.0,0.55,0
2026-01-29 13:00:00,13,3,0,1,33,28,34,32,127,50.8,0.57,0
2026-01-29 14:00:00,14,3,0,0,28,30,32,26,116,46.4,0.46,0
2026-01-29 15:00:00,15,3,0,0,29,31,32,23,115,46.0,0.45,0
2026-01-29 16:00:00,16,3,0,1,39,32,31,41,143,57.2,0.62,0
2026-01-29 17:00:00,17,3,0,0,61,58,55,45,219,87.6,0.87,0
2026-01-29 18:00:00,18,3,0,0,55,49,46,42,192,76.8,0.79,0
2026-01-29 19:00:00,19,3,0,0,75,60,45,48,228,91.2,0.9,0
2026-01-29 20:00:00,20,3,0,0,31,41,23,36,131,52.4,0.5,0
2026-01-29 21:00:00,21,3,0,0,34,22,23,37,116,46.4,0.46,0
2026-01-29 22:00:00,22,3,0,0,13,10,10,7,40,16.0,0.22,0
2026-01-29 23:00:00,23,3,0,1,13,8,14,11,46,18.4,0.32,0
2026-01-30 00:00:00,0,4,0,0,10,10,5,9,34,13.6,0.2,0
2026-01-30 01:00:00,1,4,0,2,16,11,5,10,42,16.8,0.39,0
2026-01-30 02:00:00,2,4,0,0,15,7,4,13,39,15.6,0.22,0
2026-01-30 03:00:00,3,4,0,0,12,2,5,12,31,12.4,0.2,0
2026-01-30 04:00:00,4,4,0,3,15,10,24,5,54,21.6,0.51,0
2026-01-30 05:00:00,5,4,0,3,17,10,11,13,51,20.4,0.5,0
2026-01-30 06:00:00,6,4,0,2,37,23,37,40,137,54.8,0.68,0
2026-01-30 07:00:00,7,4,0,0,29,30,24,21,104,41.6,0.42,0
2026-01-30 08:00:00,8,4,0,2,80,78,41,62,261,100.0,1.0,1
2026-01-30 09:00:00,9,4,0,0,50,45,50,40,185,74.0,0.77,0
2026-01-30 10:00:00,10,4,0,0,52,58,47,59,216,86.4,0.86,0
2026-01-30 11:00:00,11,4,0,1,39,35,18,27,119,47.6,0.55,0
2026-01-30 12:00:00,12,4,0,0,46,29,29,30,134,53.6,0.51,0
2026-01-30 13:00:00,13,4,0,0,35,38,37,36,146,58.4,0.55,0
2026-01-30 14:00:00,14,4,0,0,28,42,27,32,129,51.6,0.5,0
2026-01-30 15:00:00,15,4,0,0,44,27,31,26,128,51.2,0.49,0
2026-01-30 16:00:00,16,4,0,1,52,52,23,37,164,65.6,0.68,0
2026-01-30 17:00:00,17,4,0,0,51,54,47,46,198,79.2,0.81,0
2026-01-30 18:00:00,18,4,0,0,56,46,44,56,202,80.8,0.82,0
2026-01-30 19:00:00,19,4,0,0,70,50,50,47,217,86.8,0.87,0
2026-01-30 20:00:00,20,4,0,0,42,21,23,28,114,45.6,0.45,0
2026-01-30 21:00:00,21,4,0,0,27,35,19,25,106,42.4,0.43,0
2026-01-30 22:00:00,22,4,0,0,11,9,9,10,39,15.6,0.22,0
2026-01-30 23:00:00,23,4,0,0,14,12,7,9,42,16.8,0.23,0
2026-01-31 00:00:00,0,5,1,0,13,8,4,4,29,11.6,0.19,0
2026-01-31 01:00:00,1,5,1,0,9,8,11,9,37,14.8,0.21,0
2026-01-31 02:00:00,2,5,1,0,9,13,6,10,38,15.2,0.22,0
2026-01-31 03:00:00,3,5,1,0,12,7,8,7,34,13.6,0.2,0
2026-01-31 04:00:00,4,5,1,2,13,14,11,13,51,20.4,0.42,0
2026-01-31 05:00:00,5,5,1,0,15,11,6,7,39,15.6,0.22,0
2026-01-31 06:00:00,6,5,1,0,36,28,22,24,110,44.0,0.44,0
2026-01-31 07:00:00,7,5,1,0,47,27,27,31,132,52.8,0.51,0
2026-01-31 08:00:00,8,5,1,2,31,35,28,27,121,48.4,0.73,0
2026-01-31 09:00:00,9,5,1,2,35,35,22,32,124,49.6,0.74,0
2026-01-31 10:00:00,10,5,1,0,29,27,19,19,94,37.6,0.49,0
2026-01-31 11:00:00,11,5,1,1,46,37,32,36,151,60.4,0.64,0
2026-01-31 12:00:00,12,5,1,0,39,32,27,27,125,50.0,0.48,0
2026-01-31 13:00:00,13,5,1,0,40,33,27,29,129,51.6,0.5,0
2026-01-31 14:00:00,14,5,1,1,32,25,29,33,119,47.6,0.55,0
2026-01-31 15:00:00,15,5,1,1,48,42,28,34,152,60.8,0.65,0
2026-01-31 16:00:00,16,5,1,0,37,44,23,41,145,58.0,0.55,0
2026-01-31 17:00:00,17,5,1,0,30,28,23,30,111,44.4,0.54,0
2026-01-31 18:00:00,18,5,1,0,31,24,23,21,99,39.6,0.5,0
2026-01-31 19:00:00,19,5,1,2,31,31,35,26,123,49.2,0.74,0
2026-01-31 20:00:00,20,5,1,0,38,23,32,20,113,45.2,0.45,0
2026-01-31 21:00:00,21,5,1,0,29,28,22,35,114,45.6,0.45,0
2026-01-31 22:00:00,22,5,1,0,13,13,7,13,46,18.4,0.24,0
2026-01-31 23:00:00,23,5,1,0,8,5,7,4,24,9.6,0.17,0
2026-02-01 00:00:00,0,6,1,0,6,11,6,8,31,12.4,0.2,0
2026-02-01 01:00:00,1,6,1,0,14,11,10,11,46,18.4,0.24,0
2026-02-01 02:00:00,2,6,1,1,12,9,10,4,35,14.0,0.29,0
2026-02-01 03:00:00,3,6,1,0,9,9,5,14,37,14.8,0.21,0
2026-02-01 04:00:00,4,6,1,1,11,8,8,4,31,12.4,0.28,0
2026-02-01 05:00:00,5,6,1,0,14,10,10,9,43,17.2,0.23,0
2026-02-01 06:00:00,6,6,1,0,34,40,29,26,129,51.6,0.5,0
2026-02-01 07:00:00,7,6,1,0,37,26,19,39,121,48.4,0.47,0
2026-02-01 08:00:00,8,6,1,0,33,27,24,39,123,49.2,0.58,0
2026-02-01 09:00:00,9,6,1,0,31,25,18,27,101,40.4,0.51,0
2026-02-01 10:00:00,10,6,1,0,24,43,19,29,115,46.0,0.55,1
2026-02-01 11:00:00,11,6,1,0,49,30,31,33,143,57.2,0.54,0
2026-02-01 12:00:00,12,6,1,0,40,32,33,36,141,56.4,0.53,0
2026-02-01 13:00:00,13,6,1,0,31,29,31,32,123,49.2,0.48,0
2026-02-01 14:00:00,14,6,1,1,43,39,31,37,150,60.0,0.64,0
2026-02-01 15:00:00,15,6,1,0,38,29,29,30,126,50.4,0.49,0
2026-02-01 16:00:00,16,6,1,0,28,34,27,37,126,50.4,0.49,0
2026-02-01 17:00:00,17,6,1,0,22,30,24,22,98,39.2,0.5,0
2026-02-01 18:00:00,18,6,1,0,35,30,33,23,121,48.4,0.57,0
2026-02-01 19:00:00,19,6,1,0,21,34,25,22,102,40.8,0.51,0
2026-02-01 20:00:00,20,6,1,0,35,23,22,33,113,45.2,0.45,0
2026-02-01 21:00:00,21,6,1,2,52,48,35,50,185,74.0,0.83,1
2026-02-01 22:00:00,22,6,1,2,10,6,9,1,26,10.4,0.34,0
2026-02-01 23:00:00,23,6,1,1,18,9,13,11,51,20.4,0.34,0
2026-02-02 00:00:00,0,0,0,0,9,11,6,6,32,12.8,0.2,0
2026-02-02 01:00:00,1,0,0,0,7,6,7,7,27,10.8,0.18,0
2026-02-02 02:00:00,2,0,0,0,6,9,6,5,26,10.4,0.18,0
2026-02-02 03:00:00,3,0,0,3,11,29,14,11,65,26.0,0.54,1
2026-02-02 04:00:00,4,0,0,0,10,11,9,8,38,15.2,0.22,0
2026-02-02 05:00:00,5,0,0,0,8,11,9,9,37,14.8,0.21,0
2026-02-02 06:00:00,6,0,0,0,35,26,29,28,118,47.2,0.46,0
2026-02-02 07:00:00,7,0,0,0,42,29,32,20,123,49.2,0.48,0
2026-02-02 08:00:00,8,0,0,1,67,60,67,58,252,100.0,1.0,0
2026-02-02 09:00:00,9,0,0,2,74,78,54,55,261,100.0,1.0,0
2026-02-02 10:00:00,10,0,0,2,75,61,58,62,256,100.0,1.0,0
2026-02-02 11:00:00,11,0,0,0,35,25,24,27,111,44.4,0.44,0
2026-02-02 12:00:00,12,0,0,0,31,29,30,32,122,48.8,0.48,0
2026-02-02 13:00:00,13,0,0,1,48,34,32,21,135,54.0,0.6,0
2026-02-02 14:00:00,14,0,0,0,43,30,39,36,148,59.2,0.56,0
2026-02-02 15:00:00,15,0,0,3,50,37,39,34,160,64.0,0.83,1
2026-02-02 16:00:00,16,0,0,1,41,31,27,41,140,56.0,0.61,0
2026-02-02 17:00:00,17,0,0,0,65,62,52,61,240,96.0,0.94,0
2026-02-02 18:00:00,18,0,0,1,69,58,66,58,251,100.0,1.0,0
2026-02-02 19:00:00,19,0,0,0,67,58,41,49,215,86.0,0.86,0
2026-02-02 20:00:00,20,0,0,0,40,33,25,32,130,52.0,0.5,0
2026-02-02 21:00:00,21,0,0,0,36,35,34,33,138,55.2,0.52,0
2026-02-02 22:00:00,22,0,0,1,14,10,5,6,35,14.0,0.29,0
2026-02-02 23:00:00,23,0,0,1,19,9,9,4,41,16.4,0.31,0
2026-02-03 00:00:00,0,1,0,0,15,12,4,11,42,16.8,0.23,0
2026-02-03 01:00:00,1,1,0,0,7,9,9,11,36,14.4,0.21,0
2026-02-03 02:00:00,2,1,0,1,11,16,10,6,43,17.2,0.31,1
2026-02-03 03:00:00,3,1,0,0,8,13,10,12,43,17.2,0.23,0
2026-02-03 04:00:00,4,1,0,1,10,8,10,8,36,14.4,0.29,0
2026-02-03 05:00:00,5,1,0,0,6,5,5,14,30,12.0,0.19,0
2026-02-03 06:00:00,6,1,0,0,27,24,29,34,114,45.6,0.45,0
2026-02-03 07:00:00,7,1,0,1,40,27,18,33,118,47.2,0.54,0
2026-02-03 08:00:00,8,1,0,0,67,56,58,53,234,93.6,0.92,0
2026-02-03 09:00:00,9,1,0,1,80,58,54,56,248,99.2,1.0,0
2026-02-03 10:00:00,10,1,0,0,53,55,52,46,206,82.4,0.83,0
2026-02-03 11:00:00,11,1,0,0,40,34,39,25,138,55.2,0.52,0
2026-02-03 12:00:00,12,1,0,0,29,35,28,31,123,49.2,0.48,0
2026-02-03 13:00:00,13,1,0,0,30,31,18,30,109,43.6,0.44,0
2026-02-03 14:00:00,14,1,0,0,31,22,20,26,99,39.6,0.4,0
2026-02-03 15:00:00,15,1,0,0,37,29,35,30,131,52.4,0.5,0
2026-02-03 16:00:00,16,1,0,0,39,24,26,37,126,50.4,0.49,0
2026-02-03 17:00:00,17,1,0,2,76,58,54,52,240,96.0,1.0,1
2026-02-03 18:00:00,18,1,0,0,75,56,61,34,226,90.4,0.9,0
2026-02-03 19:00:00,19,1,0,0,64,51,42,58,215,86.0,0.86,0
2026-02-03 20:00:00,20,1,0,0,30,31,29,26,116,46.4,0.46,0
2026-02-03 21:00:00,21,1,0,0,34,26,18,31,109,43.6,0.44,0
2026-02-03 22:00:00,22,1,0,1,17,8,12,4,41,16.4,0.31,0
2026-02-03 23:00:00,23,1,0,1,10,14,8,10,42,16.8,0.31,0
2026-02-04 00:00:00,0,2,0,0,4,6,6,10,26,10.4,0.18,0
2026-02-04 01:00:00,1,2,0,1,6,10,5,9,30,12.0,0.27,0
2026-02-04 02:00:00,2,2,0,0,11,7,5,13,36,14.4,0.21,0
2026-02-04 03:00:00,3,2,0,0,4,19,12,8,43,17.2,0.23,1
2026-02-04 04:00:00,4,2,0,0,14,10,8,6,38,15.2,0.22,0
2026-02-04 05:00:00,5,2,0,1,10,9,6,4,29,11.6,0.27,0
2026-02-04 06:00:00,6,2,0,0,37,31,30,33,131,52.4,0.5,0
2026-02-04 07:00:00,7,2,0,2,41,44,31,49,165,66.0,0.77,0
2026-02-04 08:00:00,8,2,0,0,58,61,52,45,216,86.4,0.86,0
2026-02-04 09:00:00,9,2,0,0,55,55,44,57,211,84.4,0.85,0
2026-02-04 10:00:00,10,2,0,0,57,58,49,38,202,80.8,0.82,0
2026-02-04 11:00:00,11,2,0,0,39,25,29,27,120,48.0,0.47,0
2026-02-04 12:00:00,12,2,0,0,32,31,28,30,121,48.4,0.47,0
2026-02-04 13:00:00,13,2,0,0,31,34,34,35,134,53.6,0.51,0
2026-02-04 14:00:00,14,2,0,0,25,32,22,25,104,41.6,0.42,0
2026-02-04 15:00:00,15,2,0,1,28,40,26,32,126,50.4,0.57,0
2026-02-04 16:00:00,16,2,0,0,38,43,34,28,143,57.2,0.54,0
2026-02-04 17:00:00,17,2,0,0,65,42,45,53,205,82.0,0.83,0
2026-02-04 18:00:00,18,2,0,0,69,44,52,51,216,86.4,0.86,0
2026-02-04 19:00:00,19,2,0,2,62,84,66,68,280,100.0,1.0,0
2026-02-04 20:00:00,20,2,0,0,39,34,24,35,132,52.8,0.51,0
2026-02-04 21:00:00,21,2,0,0,23,40,23,25,111,44.4,0.44,0
2026-02-04 22:00:00,22,2,0,0,8,13,5,6,32,12.8,0.2,0
2026-02-04 23:00:00,23,2,0,1,13,14,17,8,52,20.8,0.34,0
2026-02-05 00:00:00,0,3,0,1,11,9,9,8,37,14.8,0.29,0
2026-02-05 01:00:00,1,3,0,0,11,9,5,7,32,12.8,0.2,0
2026-02-05 02:00:00,2,3,0,1,12,4,5,3,24,9.6,0.25,0
2026-02-05 03:00:00,3,3,0,0,13,6,10,11,40,16.0,0.22,0
2026-02-05 04:00:00,4,3,0,0,13,6,4,7,30,12.0,0.19,0
2026-02-05 05:00:00,5,3,0,3,15,13,13,10,51,20.4,0.5,0
2026-02-05 06:00:00,6,3,0,2,39,45,40,52,176,70.4,0.8,0
2026-02-05 07:00:00,7,3,0,0,36,27,29,20,112,44.8,0.44,0
2026-02-05 08:00:00,8,3,0,0,50,55,48,61,214,85.6,0.86,0
2026-02-05 09:00:00,9,3,0,0,57,56,54,50,217,86.8,0.87,0
2026-02-05 10:00:00,10,3,0,0,72,49,47,51,219,87.6,0.87,0
2026-02-05 11:00:00,11,3,0,0,30,22,37,27,116,46.4,0.46,0
2026-02-05 12:00:00,12,3,0,0,36,40,23,30,129,51.6,0.5,0
2026-02-05 13:00:00,13,3,0,1,33,33,43,34,143,57.2,0.62,0
2026-02-05 14:00:00,14,3,0,0,33,40,18,25,116,46.4,0.46,0
2026-02-05 15:00:00,15,3,0,0,28,36,20,28,112,44.8,0.44,0
2026-02-05 16:00:00,16,3,0,1,52,34,40,42,168,67.2,0.7,0
2026-02-05 17:00:00,17,3,0,0,56,46,57,46,205,82.0,0.83,0
2026-02-05 18:00:00,18,3,0,0,61,58,38,47,204,81.6,0.83,0
2026-02-05 19:00:00,19,3,0,1,69,44,62,52,227,90.8,0.98,0
2026-02-05 20:00:00,20,3,0,0,35,32,34,36,137,54.8,0.52,0
2026-02-05 21:00:00,21,3,0,0,37,29,25,30,121,48.4,0.47,0
2026-02-05 22:00:00,22,3,0,3,17,2,7,10,36,14.4,0.45,0
2026-02-05 23:00:00,23,3,0,1,11,12,9,18,50,20.0,0.33,0
2026-02-06 00:00:00,0,4,0,0,6,4,7,5,22,8.8,0.17,0
2026-02-06 01:00:00,1,4,0,1,16,16,6,11,49,19.6,0.33,0
2026-02-06 02:00:00,2,4,0,0,7,12,8,11,38,15.2,0.22,0
2026-02-06 03:00:00,3,4,0,0,10,13,8,12,43,17.2,0.23,0
2026-02-06 04:00:00,4,4,0,1,18,10,9,6,43,17.2,0.31,0
2026-02-06 05:00:00,5,4,0,0,9,9,4,8,30,12.0,0.19,0
2026-02-06 06:00:00,6,4,0,1,56,40,29,46,171,68.4,0.71,0
2026-02-06 07:00:00,7,4,0,0,29,25,25,35,114,45.6,0.45,0
2026-02-06 08:00:00,8,4,0,0,39,50,43,51,183,73.2,0.76,0
2026-02-06 09:00:00,9,4,0,0,57,57,44,48,206,82.4,0.83,0
2026-02-06 10:00:00,10,4,0,2,50,61,61,58,230,92.0,1.0,0
2026-02-06 11:00:00,11,4,0,2,57,33,28,35,153,61.2,0.73,0
2026-02-06 12:00:00,12,4,0,0,40,29,26,31,126,50.4,0.49,0
2026-02-06 13:00:00,13,4,0,1,26,33,29,41,129,51.6,0.58,1
2026-02-06 14:00:00,14,4,0,0,38,30,29,28,125,50.0,0.48,0
2026-02-06 15:00:00,15,4,0,0,28,32,18,30,108,43.2,0.43,0
2026-02-06 16:00:00,16,4,0,0,32,27,30,28,117,46.8,0.46,0
2026-02-06 17:00:00,17,4,0,3,89,75,82,65,311,100.0,1.0,0
2026-02-06 18:00:00,18,4,0,2,72,76,63,72,283,100.0,1.0,0
2026-02-06 19:00:00,19,4,0,0,54,54,43,50,201,80.4,0.82,0
2026-02-06 20:00:00,20,4,0,1,47,32,35,37,151,60.4,0.64,0
2026-02-06 21:00:00,21,4,0,0,28,23,36,36,123,49.2,0.48,1
2026-02-06 22:00:00,22,4,0,1,8,5,8,9,30,12.0,0.27,0
2026-02-06 23:00:00,23,4,0,0,8,6,9,11,34,13.6,0.2,0
2026-02-07 00:00:00,0,5,1,1,16,11,10,5,42,16.8,0.31,0
2026-02-07 01:00:00,1,5,1,0,8,3,13,11,35,14.0,0.21,0
2026-02-07 02:00:00,2,5,1,0,9,11,9,5,34,13.6,0.2,0
2026-02-07 03:00:00,3,5,1,0,13,10,9,7,39,15.6,0.22,0
2026-02-07 04:00:00,4,5,1,2,18,3,11,11,43,17.2,0.39,0
2026-02-07 05:00:00,5,5,1,0,5,9,8,14,36,14.4,0.21,0
2026-02-07 06:00:00,6,5,1,0,32,33,13,35,113,45.2,0.45,0
2026-02-07 07:00:00,7,5,1,0,30,31,34,30,125,50.0,0.48,0
2026-02-07 08:00:00,8,5,1,2,32,42,37,40,151,60.4,0.82,0
2026-02-07 09:00:00,9,5,1,0,33,26,24,20,103,41.2,0.52,0
2026-02-07 10:00:00,10,5,1,0,30,31,26,26,113,45.2,0.55,0
2026-02-07 11:00:00,11,5,1,2,42,39,23,39,143,57.2,0.7,0
2026-02-07 12:00:00,12,5,1,0,36,29,21,30,116,46.4,0.46,0
2026-02-07 13:00:00,13,5,1,1,39,40,35,43,157,62.8,0.66,0
2026-02-07 14:00:00,14,5,1,0,32,32,23,24,111,44.4,0.44,0
2026-02-07 15:00:00,15,5,1,0,36,23,29,31,119,47.6,0.47,0
2026-02-07 16:00:00,16,5,1,0,37,40,30,35,142,56.8,0.54,0
2026-02-07 17:00:00,17,5,1,0,38,30,29,25,122,48.8,0.58,0
2026-02-07 18:00:00,18,5,1,0,28,32,19,26,105,42.0,0.52,0
2026-02-07 19:00:00,19,5,1,0,25,27,28,26,106,42.4,0.53,0
2026-02-07 20:00:00,20,5,1,0,30,33,31,19,113,45.2,0.45,0
2026-02-07 21:00:00,21,5,1,1,35,35,29,43,142,56.8,0.62,0
2026-02-07 22:00:00,22,5,1,0,16,10,7,4,37,14.8,0.21,0
2026-02-07 23:00:00,23,5,1,0,12,7,11,14,44,17.6,0.24,0
2026-02-08 00:00:00,0,6,1,0,11,6,7,17,41,16.4,0.23,0
2026-02-08 01:00:00,1,6,1,3,11,10,15,15,51,20.4,0.5,0
2026-02-08 02:00:00,2,6,1,0,7,9,12,13,41,16.4,0.23,0
2026-02-08 03:00:00,3,6,1,3,11,13,18,10,52,20.8,0.5,0
2026-02-08 04:00:00,4,6,1,0,7,16,19,3,45,18.0,0.24,1
2026-02-08 05:00:00,5,6,1,1,10,11,6,9,36,14.4,0.29,0
2026-02-08 06:00:00,6,6,1,0,34,24,19,28,105,42.0,0.42,0
2026-02-08 07:00:00,7,6,1,0,32,32,21,35,120,48.0,0.47,0
2026-02-08 08:00:00,8,6,1,0,32,31,26,24,113,45.2,0.55,0
2026-02-08 09:00:00,9,6,1,0,31,22,25,39,117,46.8,0.56,0
2026-02-08 10:00:00,10,6,1,0,27,32,28,24,111,44.4,0.54,0
2026-02-08 11:00:00,11,6,1,2,37,41,35,46,159,63.6,0.75,0
2026-02-08 12:00:00,12,6,1,0,33,36,23,27,119,47.6,0.47,0
2026-02-08 13:00:00,13,6,1,0,35,27,29,35,126,50.4,0.49,0
2026-02-08 14:00:00,14,6,1,0,37,37,32,30,136,54.4,0.52,0
2026-02-08 15:00:00,15,6,1,1,26,42,27,35,130,52.0,0.58,0
2026-02-08 16:00:00,16,6,1,0,39,33,26,35,133,53.2,0.51,0
2026-02-08 17:00:00,17,6,1,1,29,33,36,25,123,49.2,0.66,1
2026-02-08 18:00:00,18,6,1,1,37,26,29,33,125,50.0,0.66,0
2026-02-08 19:00:00,19,6,1,1,39,24,25,24,112,44.8,0.62,0
2026-02-08 20:00:00,20,6,1,0,30,26,23,27,106,42.4,0.43,0
2026-02-08 21:00:00,21,6,1,0,41,27,32,30,130,52.0,0.5,0
2026-02-08 22:00:00,22,6,1,0,10,13,8,7,38,15.2,0.22,0
2026-02-08 23:00:00,23,6,1,0,9,7,9,7,32,12.8,0.2,0
2026-02-09 00:00:00,0,0,0,0,8,7,7,7,29,11.6,0.19,0
2026-02-09 01:00:00,1,0,0,2,15,11,11,10,47,18.8,0.4,0
2026-02-09 02:00:00,2,0,0,0,16,15,17,9,57,22.8,0.28,0
2026-02-09 03:00:00,3,0,0,0,5,12,6,8,31,12.4,0.2,0
2026-02-09 04:00:00,4,0,0,1,8,8,4,10,30,12.0,0.27,0
2026-02-09 05:00:00,5,0,0,2,13,11,10,10,44,17.6,0.4,0
2026-02-09 06:00:00,6,0,0,0,45,41,21,30,137,54.8,0.52,0
2026-02-09 07:00:00,7,0,0,0,39,24,29,21,113,45.2,0.45,0
2026-02-09 08:00:00,8,0,0,0,67,44,69,60,240,96.0,0.94,0
2026-02-09 09:00:00,9,0,0,0,55,51,50,58,214,85.6,0.86,0
2026-02-09 10:00:00,10,0,0,1,56,69,42,64,231,92.4,0.99,0
2026-02-09 11:00:00,11,0,0,0,32,28,25,36,121,48.4,0.47,0
2026-02-09 12:00:00,12,0,0,0,28,33,29,29,119,47.6,0.47,0
2026-02-09 13:00:00,13,0,0,0,34,28,34,26,122,48.8,0.48,0
2026-02-09 14:00:00,14,0,0,1,35,34,28,36,133,53.2,0.59,0
2026-02-09 15:00:00,15,0,0,0,41,33,25,34,133,53.2,0.51,0
2026-02-09 16:00:00,16,0,0,1,47,40,36,35,158,63.2,0.67,1
2026-02-09 17:00:00,17,0,0,0,55,57,43,50,205,82.0,0.83,0
2026-02-09 18:00:00,18,0,0,2,80,89,61,71,301,100.0,1.0,0
2026-02-09 19:00:00,19,0,0,1,58,56,44,62,220,88.0,0.96,0
2026-02-09 20:00:00,20,0,0,1,34,34,35,27,130,52.0,0.58,0
2026-02-09 21:00:00,21,0,0,0,29,31,23,29,112,44.8,0.44,0
2026-02-09 22:00:00,22,0,0,1,8,16,4,10,38,15.2,0.3,0
2026-02-09 23:00:00,23,0,0,0,9,13,6,8,36,14.4,0.21,0
2026-02-10 00:00:00,0,1,0,0,15,9,8,14,46,18.4,0.24,0
2026-02-10 01:00:00,1,1,0,1,11,9,9,8,37,14.8,0.29,0
2026-02-10 02:00:00,2,1,0,0,6,9,15,10,40,16.0,0.22,0
2026-02-10 03:00:00,3,1,0,0,9,15,6,11,41,16.4,0.23,0
2026-02-10 04:00:00,4,1,0,0,13,12,9,8,42,16.8,0.23,1
2026-02-10 05:00:00,5,1,0,0,11,6,4,13,34,13.6,0.2,0
2026-02-10 06:00:00,6,1,0,0,34,32,35,38,139,55.6,0.53,0
2026-02-10 07:00:00,7,1,0,1,35,33,28,36,132,52.8,0.59,0
2026-02-10 08:00:00,8,1,0,0,51,52,54,56,213,85.2,0.86,0
2026-02-10 09:00:00,9,1,0,0,59,55,44,64,222,88.8,0.88,0
2026-02-10 10:00:00,10,1,0,2,94,66,57,52,269,100.0,1.0,0
2026-02-10 11:00:00,11,1,0,0,26,36,37,33,132,52.8,0.51,0
2026-02-10 12:00:00,12,1,0,0,36,36,27,35,134,53.6,0.51,0
2026-02-10 13:00:00,13,1,0,0,39,37,22,31,129,51.6,0.5,0
2026-02-10 14:00:00,14,1,0,0,22,35,31,36,124,49.6,0.48,0
2026-02-10 15:00:00,15,1,0,1,46,31,33,31,141,56.4,0.61,0
2026-02-10 16:00:00,16,1,0,0,28,28,26,21,103,41.2,0.42,0
2026-02-10 17:00:00,17,1,0,0,61,47,35,50,193,77.2,0.79,0
2026-02-10 18:00:00,18,1,0,0,55,50,44,65,214,85.6,0.86,0
2026-02-10 19:00:00,19,1,0,0,60,57,46,57,220,88.0,0.88,0
2026-02-10 20:00:00,20,1,0,0,32,27,28,31,118,47.2,0.46,0
2026-02-10 21:00:00,21,1,0,1,39,35,34,49,157,62.8,0.66,0
2026-02-10 22:00:00,22,1,0,0,7,13,8,8,36,14.4,0.21,0
2026-02-10 23:00:00,23,1,0,1,8,17,5,8,38,15.2,0.3,0
2026-02-11 00:00:00,0,2,0,0,12,11,7,6,36,14.4,0.21,0
2026-02-11 01:00:00,1,2,0,0,3,18,7,7,35,14.0,0.21,0
2026-02-11 02:00:00,2,2,0,3,10,10,10,11,41,16.4,0.47,0
2026-02-11 03:00:00,3,2,0,1,10,14,11,10,45,18.0,0.32,0
2026-02-11 04:00:00,4,2,0,0,10,9,7,11,37,14.8,0.21,0
2026-02-11 05:00:00,5,2,0,0,12,10,11,7,40,16.0,0.22,0
2026-02-11 06:00:00,6,2,0,0,32,36,32,34,134,53.6,0.51,0
2026-02-11 07:00:00,7,2,0,0,33,20,31,27,111,44.4,0.44,0
2026-02-11 08:00:00,8,2,0,0,56,62,61,63,242,96.8,0.94,0
2026-02-11 09:00:00,9,2,0,0,67,54,45,53,219,87.6,0.87,0
2026-02-11 10:00:00,10,2,0,0,49,66,53,46,214,85.6,0.86,0
2026-02-11 11:00:00,11,2,0,0,41,38,28,36,143,57.2,0.54,0
2026-02-11 12:00:00,12,2,0,0,28,29,33,36,126,50.4,0.49,0
2026-02-11 13:00:00,13,2,0,3,47,34,39,36,156,62.4,0.82,0
2026-02-11 14:00:00,14,2,0,2,49,32,39,28,148,59.2,0.72,0
2026-02-11 15:00:00,15,2,0,0,34,32,31,29,126,50.4,0.49,0
2026-02-11 16:00:00,16,2,0,0,30,29,25,17,101,40.4,0.41,0
2026-02-11 17:00:00,17,2,0,1,78,47,56,73,254,100.0,1.0,0
2026-02-11 18:00:00,18,2,0,1,41,54,57,58,210,84.0,0.93,0
2026-02-11 19:00:00,19,2,0,0,73,54,40,35,202,80.8,0.82,0
2026-02-11 20:00:00,20,2,0,0,40,26,29,29,124,49.6,0.48,0
2026-02-11 21:00:00,21,2,0,1,42,40,33,39,154,61.6,0.65,0
2026-02-11 22:00:00,22,2,0,1,8,13,16,8,45,18.0,0.32,0
2026-02-11 23:00:00,23,2,0,0,8,14,13,9,44,17.6,0.24,0
2026-02-12 00:00:00,0,3,0,0,9,7,4,6,26,10.4,0.18,0
2026-02-12 01:00:00,1,3,0,0,8,11,7,15,41,16.4,0.23,0
2026-02-12 02:00:00,2,3,0,0,3,9,7,11,30,12.0,0.19,0
2026-02-12 03:00:00,3,3,0,0,13,7,11,3,34,13.6,0.2,0
2026-02-12 04:00:00,4,3,0,0,11,4,8,6,29,11.6,0.19,0
2026-02-12 05:00:00,5,3,0,0,9,2,7,4,22,8.8,0.17,0
2026-02-12 06:00:00,6,3,0,0,46,28,31,39,144,57.6,0.54,0
2026-02-12 07:00:00,7,3,0,0,29,32,23,28,112,44.8,0.44,0
2026-02-12 08:00:00,8,3,0,0,64,44,51,62,221,88.4,0.88,1
2026-02-12 09:00:00,9,3,0,0,45,52,40,48,185,74.0,0.77,0
2026-02-12 10:00:00,10,3,0,0,75,43,48,44,210,84.0,0.85,0
2026-02-12 11:00:00,11,3,0,0,27,33,31,22,113,45.2,0.45,0
2026-02-12 12:00:00,12,3,0,0,37,31,26,30,124,49.6,0.48,0
2026-02-12 13:00:00,13,3,0,0,32,28,29,23,112,44.8,0.44,0
2026-02-12 14:00:00,14,3,0,3,59,60,34,40,193,77.2,0.93,0
2026-02-12 15:00:00,15,3,0,0,31,35,21,26,113,45.2,0.45,0
2026-02-12 16:00:00,16,3,0,2,45,29,53,33,160,64.0,0.75,0
2026-02-12 17:00:00,17,3,0,0,63,55,55,38,211,84.4,0.85,0
2026-02-12 18:00:00,18,3,0,2,70,59,62,72,263,100.0,1.0,0
2026-02-12 19:00:00,19,3,0,0,73,61,41,52,227,90.8,0.9,0
2026-02-12 20:00:00,20,3,0,3,42,46,50,42,180,72.0,0.89,0
2026-02-12 21:00:00,21,3,0,3,49,49,40,53,191,76.4,0.93,0
2026-02-12 22:00:00,22,3,0,0,8,10,10,9,37,14.8,0.21,0
2026-02-12 23:00:00,23,3,0,0,6,9,9,17,41,16.4,0.23,0
2026-02-13 00:00:00,0,4,0,0,12,10,9,9,40,16.0,0.22,0
2026-02-13 01:00:00,1,4,0,0,10,9,8,7,34,13.6,0.2,0
2026-02-13 02:00:00,2,4,0,0,8,10,13,10,41,16.4,0.23,0
2026-02-13 03:00:00,3,4,0,0,10,11,5,8,34,13.6,0.2,0
2026-02-13 04:00:00,4,4,0,0,7,10,3,10,30,12.0,0.19,0
2026-02-13 05:00:00,5,4,0,0,8,5,8,13,34,13.6,0.2,0
2026-02-13 06:00:00,6,4,0,0,36,35,34,25,130,52.0,0.5,0
2026-02-13 07:00:00,7,4,0,0,33,36,30,39,138,55.2,0.52,0
2026-02-13 08:00:00,8,4,0,0,56,38,48,46,188,75.2,0.78,0
2026-02-13 09:00:00,9,4,0,0,48,56,58,53,215,86.0,0.86,0
2026-02-13 10:00:00,10,4,0,0,74,58,53,48,233,93.2,0.92,0
2026-02-13 11:00:00,11,4,0,0,32,29,19,36,116,46.4,0.46,0
2026-02-13 12:00:00,12,4,0,0,36,29,32,34,131,52.4,0.5,0
2026-02-13 13:00:00,13,4,0,1,41,41,25,31,138,55.2,0.6,0
2026-02-13 14:00:00,14,4,0,0,39,26,29,38,132,52.8,0.51,0
2026-02-13 15:00:00,15,4,0,0,22,36,30,34,122,48.8,0.48,0
2026-02-13 16:00:00,16,4,0,1,33,29,35,32,129,51.6,0.58,0
2026-02-13 17:00:00,17,4,0,0,58,47,46,52,203,81.2,0.82,0
2026-02-13 18:00:00,18,4,0,2,63,72,57,71,263,100.0,1.0,0
2026-02-13 19:00:00,19,4,0,0,59,64,71,53,247,98.8,0.96,0
2026-02-13 20:00:00,20,4,0,0,43,34,23,33,133,53.2,0.51,1
2026-02-13 21:00:00,21,4,0,2,54,42,26,37,159,63.6,0.75,0
2026-02-13 22:00:00,22,4,0,0,4,8,8,3,23,9.2,0.17,0
2026-02-13 23:00:00,23,4,0,0,15,7,12,11,45,18.0,0.24,0
2026-02-14 00:00:00,0,5,1,3,13,14,14,5,46,18.4,0.48,0
2026-02-14 01:00:00,1,5,1,0,9,9,9,13,40,16.0,0.22,0
2026-02-14 02:00:00,2,5,1,0,10,11,8,3,32,12.8,0.2,0
2026-02-14 03:00:00,3,5,1,0,10,11,8,7,36,14.4,0.21,0
2026-02-14 04:00:00,4,5,1,0,6,8,3,9,26,10.4,0.18,0
2026-02-14 05:00:00,5,5,1,0,15,11,8,12,46,18.4,0.24,0
2026-02-14 06:00:00,6,5,1,1,49,35,26,43,153,61.2,0.65,0
2026-02-14 07:00:00,7,5,1,1,35,40,37,42,154,61.6,0.65,0
2026-02-14 08:00:00,8,5,1,0,25,26,23,23,97,38.8,0.5,0
2026-02-14 09:00:00,9,5,1,0,35,38,28,25,126,50.4,0.59,0
2026-02-14 10:00:00,10,5,1,0,27,21,19,28,95,38.0,0.49,0
2026-02-14 11:00:00,11,5,1,3,39,39,18,39,135,54.0,0.76,0
2026-02-14 12:00:00,12,5,1,1,34,32,35,32,133,53.2,0.59,1
2026-02-14 13:00:00,13,5,1,0,26,23,26,35,110,44.0,0.44,0
2026-02-14 14:00:00,14,5,1,2,27,46,31,48,152,60.8,0.73,0
2026-02-14 15:00:00,15,5,1,0,45,36,27,45,153,61.2,0.57,0
2026-02-14 16:00:00,16,5,1,2,49,42,35,41,167,66.8,0.77,0
2026-02-14 17:00:00,17,5,1,0,23,30,24,24,101,40.4,0.51,0
2026-02-14 18:00:00,18,5,1,0,30,32,24,16,102,40.8,0.51,0
2026-02-14 19:00:00,19,5,1,1,39,29,28,17,113,45.2,0.63,0
2026-02-14 20:00:00,20,5,1,0,41,31,34,33,139,55.6,0.53,0
2026-02-14 21:00:00,21,5,1,0,34,29,29,24,116,46.4,0.46,0
2026-02-14 22:00:00,22,5,1,0,12,4,9,6,31,12.4,0.2,0
2026-02-14 23:00:00,23,5,1,0,7,14,4,8,33,13.2,0.2,0
2026-02-15 00:00:00,0,6,1,0,12,10,9,9,40,16.0,0.22,0
2026-02-15 01:00:00,1,6,1,0,13,10,10,9,42,16.8,0.23,0
2026-02-15 02:00:00,2,6,1,0,10,8,9,12,39,15.6,0.22,0
2026-02-15 03:00:00,3,6,1,0,6,8,8,5,27,10.8,0.18,0
2026-02-15 04:00:00,4,6,1,0,15,10,7,9,41,16.4,0.23,0
2026-02-15 05:00:00,5,6,1,1,11,11,10,11,43,17.2,0.31,0
2026-02-15 06:00:00,6,6,1,0,31,24,34,34,123,49.2,0.48,0
2026-02-15 07:00:00,7,6,1,1,39,47,35,28,149,59.6,0.64,0
2026-02-15 08:00:00,8,6,1,0,32,35,23,27,117,46.8,0.56,0
2026-02-15 09:00:00,9,6,1,0,30,17,32,25,104,41.6,0.52,0
2026-02-15 10:00:00,10,6,1,0,26,21,19,22,88,35.2,0.47,0
2026-02-15 11:00:00,11,6,1,0,25,32,30,32,119,47.6,0.47,0
2026-02-15 12:00:00,12,6,1,0,33,32,26,26,117,46.8,0.46,0
2026-02-15 13:00:00,13,6,1,0,33,26,27,31,117,46.8,0.46,0
2026-02-15 14:00:00,14,6,1,0,42,38,34,27,141,56.4,0.53,0
2026-02-15 15:00:00,15,6,1,0,54,21,26,31,132,52.8,0.51,0
2026-02-15 16:00:00,16,6,1,0,23,30,30,24,107,42.8,0.43,0
2026-02-15 17:00:00,17,6,1,0,32,24,21,19,96,38.4,0.5,0
2026-02-15 18:00:00,18,6,1,0,41,23,23,24,111,44.4,0.54,0
2026-02-15 19:00:00,19,6,1,0,32,41,25,30,128,51.2,0.59,0
2026-02-15 20:00:00,20,6,1,2,46,39,33,27,145,58.0,0.71,0
2026-02-15 21:00:00,21,6,1,0,36,33,31,27,127,50.8,0.49,0
2026-02-15 22:00:00,22,6,1,0,16,12,8,9,45,18.0,0.24,0
2026-02-15 23:00:00,23,6,1,0,9,12,11,5,37,14.8,0.21,0
2026-02-16 00:00:00,0,0,0,0,14,6,8,10,38,15.2,0.22,0
2026-02-16 01:00:00,1,0,0,0,9,7,15,12,43,17.2,0.23,0
2026-02-16 02:00:00,2,0,0,0,9,10,7,11,37,14.8,0.21,0
2026-02-16 03:00:00,3,0,0,0,8,10,6,10,34,13.6,0.2,0
2026-02-16 04:00:00,4,0,0,0,6,12,4,7,29,11.6,0.19,0
2026-02-16 05:00:00,5,0,0,0,12,8,13,9,42,16.8,0.23,0
2026-02-16 06:00:00,6,0,0,0,45,32,35,26,138,55.2,0.52,0
2026-02-16 07:00:00,7,0,0,2,37,50,39,26,152,60.8,0.73,1
2026-02-16 08:00:00,8,0,0,0,75,69,44,57,245,98.0,0.95,0
2026-02-16 09:00:00,9,0,0,0,73,64,56,45,238,95.2,0.93,0
2026-02-16 10:00:00,10,0,0,0,53,62,49,57,221,88.4,0.88,0
2026-02-16 11:00:00,11,0,0,0,39,31,31,31,132,52.8,0.51,0
2026-02-16 12:00:00,12,0,0,0,30,41,26,17,114,45.6,0.45,0
2026-02-16 13:00:00,13,0,0,0,37,29,19,35,120,48.0,0.47,0
2026-02-16 14:00:00,14,0,0,0,39,26,33,27,125,50.0,0.48,0
2026-02-16 15:00:00,15,0,0,0,48,42,31,32,153,61.2,0.57,0
2026-02-16 16:00:00,16,0,0,0,31,28,37,23,119,47.6,0.47,0
2026-02-16 17:00:00,17,0,0,0,68,58,52,57,235,94.0,0.92,0
2026-02-16 18:00:00,18,0,0,0,68,53,54,58,233,93.2,0.92,0
2026-02-16 19:00:00,19,0,0,0,77,36,51,59,223,89.2,0.89,0
2026-02-16 20:00:00,20,0,0,0,37,29,28,28,122,48.8,0.48,0
2026-02-16 21:00:00,21,0,0,0,31,26,24,30,111,44.4,0.44,0
2026-02-16 22:00:00,22,0,0,0,12,12,12,5,41,16.4,0.23,0
2026-02-16 23:00:00,23,0,0,0,7,9,7,7,30,12.0,0.19,0
2026-02-17 00:00:00,0,1,0,0,12,5,3,12,32,12.8,0.2,1
2026-02-17 01:00:00,1,1,0,0,11,6,12,6,35,14.0,0.21,0
2026-02-17 02:00:00,2,1,0,0,11,10,6,4,31,12.4,0.2,0
2026-02-17 03:00:00,3,1,0,0,9,7,8,14,38,15.2,0.22,0
2026-02-17 04:00:00,4,1,0,0,6,8,5,7,26,10.4,0.18,0
2026-02-17 05:00:00,5,1,0,0,7,10,8,11,36,14.4,0.21,0
2026-02-17 06:00:00,6,1,0,0,49,29,33,27,138,55.2,0.52,0
2026-02-17 07:00:00,7,1,0,0,35,37,20,22,114,45.6,0.45,0
2026-02-17 08:00:00,8,1,0,1,70,64,48,65,247,98.8,1.0,0
2026-02-17 09:00:00,9,1,0,0,57,58,48,49,212,84.8,0.85,0
2026-02-17 10:00:00,10,1,0,0,60,58,33,44,195,78.0,0.8,0
2026-02-17 11:00:00,11,1,0,0,31,38,23,40,132,52.8,0.51,0
2026-02-17 12:00:00,12,1,0,0,39,32,25,29,125,50.0,0.48,0
2026-02-17 13:00:00,13,1,0,1,43,36,20,35,134,53.6,0.59,0
2026-02-17 14:00:00,14,1,0,1,32,25,33,41,131,52.4,0.58,0
2026-02-17 15:00:00,15,1,0,0,39,38,30,36,143,57.2,0.54,0
2026-02-17 16:00:00,16,1,0,1,29,43,43,43,158,63.2,0.67,0
2026-02-17 17:00:00,17,1,0,1,56,70,55,49,230,92.0,0.99,0
2026-02-17 18:00:00,18,1,0,0,61,54,44,52,211,84.4,0.85,0
2026-02-17 19:00:00,19,1,0,0,59,58,48,62,227,90.8,0.9,0
2026-02-17 20:00:00,20,1,0,0,43,23,31,23,120,48.0,0.47,0
2026-02-17 21:00:00,21,1,0,1,44,41,27,39,151,60.4,0.64,1
2026-02-17 22:00:00,22,1,0,0,10,5,7,13,35,14.0,0.21,0
2026-02-17 23:00:00,23,1,0,0,14,8,5,5,32,12.8,0.2,0
2026-02-18 00:00:00,0,2,0,0,6,10,12,7,35,14.0,0.21,0
2026-02-18 01:00:00,1,2,0,0,7,4,10,6,27,10.8,0.18,0
2026-02-18 02:00:00,2,2,0,0,17,7,7,3,34,13.6,0.2,0
2026-02-18 03:00:00,3,2,0,0,11,10,10,8,39,15.6,0.22,1
2026-02-18 04:00:00,4,2,0,3,18,11,13,8,50,20.0,0.49,0
2026-02-18 05:00:00,5,2,0,0,12,12,9,9,42,16.8,0.23,0
2026-02-18 06:00:00,6,2,0,2,50,41,32,32,155,62.0,0.74,1
2026-02-18 07:00:00,7,2,0,0,33,28,20,34,115,46.0,0.45,0
2026-02-18 08:00:00,8,2,0,0,69,40,64,51,224,89.6,0.89,0
2026-02-18 09:00:00,9,2,0,3,84,85,59,69,297,100.0,1.0,0
2026-02-18 10:00:00,10,2,0,2,84,72,67,71,294,100.0,1.0,0
2026-02-18 11:00:00,11,2,0,1,50,40,33,33,156,62.4,0.66,0
2026-02-18 12:00:00,12,2,0,0,28,29,30,21,108,43.2,0.43,0
2026-02-18 13:00:00,13,2,0,2,41,36,36,44,157,62.8,0.74,0
2026-02-18 14:00:00,14,2,0,0,38,30,27,29,124,49.6,0.48,0
2026-02-18 15:00:00,15,2,0,1,39,23,17,36,115,46.0,0.53,0
2026-02-18 16:00:00,16,2,0,2,35,41,39,39,154,61.6,0.73,0
2026-02-18 17:00:00,17,2,0,3,87,76,72,72,307,100.0,1.0,0
2026-02-18 18:00:00,18,2,0,0,64,73,49,63,249,99.6,0.97,0
2026-02-18 19:00:00,19,2,0,0,64,63,64,54,245,98.0,0.95,0
2026-02-18 20:00:00,20,2,0,0,26,32,35,33,126,50.4,0.49,0
2026-02-18 21:00:00,21,2,0,0,32,33,34,33,132,52.8,0.51,0
2026-02-18 22:00:00,22,2,0,2,15,7,6,13,41,16.4,0.39,0
2026-02-18 23:00:00,23,2,0,0,16,14,16,12,58,23.2,0.28,0
2026-02-19 00:00:00,0,3,0,0,10,8,11,10,39,15.6,0.22,0
2026-02-19 01:00:00,1,3,0,0,11,13,8,13,45,18.0,0.24,0
2026-02-19 02:00:00,2,3,0,1,8,13,14,5,40,16.0,0.3,0
2026-02-19 03:00:00,3,3,0,0,6,14,8,7,35,14.0,0.21,0
2026-02-19 04:00:00,4,3,0,3,11,20,11,8,50,20.0,0.49,0
2026-02-19 05:00:00,5,3,0,0,16,10,6,5,37,14.8,0.21,0
2026-02-19 06:00:00,6,3,0,0,36,31,21,19,107,42.8,0.43,0
2026-02-19 07:00:00,7,3,0,2,39,26,33,48,146,58.4,0.71,0
2026-02-19 08:00:00,8,3,0,0,58,45,54,58,215,86.0,0.86,0
2026-02-19 09:00:00,9,3,0,1,77,64,65,74,280,100.0,1.0,0
2026-02-19 10:00:00,10,3,0,0,49,61,38,59,207,82.8,0.84,0
2026-02-19 11:00:00,11,3,0,0,39,34,27,41,141,56.4,0.53,0
2026-02-19 12:00:00,12,3,0,2,59,45,37,49,190,76.0,0.84,0
2026-02-19 13:00:00,13,3,0,1,47,43,32,25,147,58.8,0.63,0
2026-02-19 14:00:00,14,3,0,1,35,35,29,41,140,56.0,0.61,0
2026-02-19 15:00:00,15,3,0,0,34,24,32,32,122,48.8,0.48,0
2026-02-19 16:00:00,16,3,0,3,42,47,43,52,184,73.6,0.91,0
2026-02-19 17:00:00,17,3,0,1,82,75,51,57,265,100.0,1.0,0
2026-02-19 18:00:00,18,3,0,0,50,49,38,56,193,77.2,0.79,0
2026-02-19 19:00:00,19,3,0,0,62,67,52,53,234,93.6,0.92,0
2026-02-19 20:00:00,20,3,0,0,35,38,17,29,119,47.6,0.47,0
2026-02-19 21:00:00,21,3,0,3,42,49,55,42,188,75.2,0.92,0
2026-02-19 22:00:00,22,3,0,0,15,7,9,8,39,15.6,0.22,0
2026-02-19 23:00:00,23,3,0,0,11,5,11,16,43,17.2,0.23,0
2026-02-20 00:00:00,0,4,0,0,8,13,17,11,49,19.6,0.25,0
2026-02-20 01:00:00,1,4,0,1,9,8,14,17,48,19.2,0.33,1
2026-02-20 02:00:00,2,4,0,0,9,7,7,11,34,13.6,0.2,0
2026-02-20 03:00:00,3,4,0,3,14,21,4,13,52,20.8,0.5,1
2026-02-20 04:00:00,4,4,0,0,11,10,4,6,31,12.4,0.2,0
2026-02-20 05:00:00,5,4,0,0,4,11,12,13,40,16.0,0.22,0
2026-02-20 06:00:00,6,4,0,2,42,46,37,31,156,62.4,0.74,0
2026-02-20 07:00:00,7,4,0,0,44,20,24,21,109,43.6,0.44,0
2026-02-20 08:00:00,8,4,0,0,61,59,45,46,211,84.4,0.85,0
2026-02-20 09:00:00,9,4,0,0,59,59,49,55,222,88.8,0.88,0
2026-02-20 10:00:00,10,4,0,0,59,64,46,59,228,91.2,0.9,0
2026-02-20 11:00:00,11,4,0,0,43,43,29,29,144,57.6,0.54,0
2026-02-20 12:00:00,12,4,0,0,35,36,25,26,122,48.8,0.48,0
2026-02-20 13:00:00,13,4,0,0,40,30,27,35,132,52.8,0.51,1
2026-02-20 14:00:00,14,4,0,1,40,47,32,29,148,59.2,0.64,0
2026-02-20 15:00:00,15,4,0,0,26,31,27,30,114,45.6,0.45,0
2026-02-20 16:00:00,16,4,0,0,37,33,24,35,129,51.6,0.5,0
2026-02-20 17:00:00,17,4,0,0,48,36,51,54,189,75.6,0.78,0
2026-02-20 18:00:00,18,4,0,0,69,52,52,46,219,87.6,0.87,0
2026-02-20 19:00:00,19,4,0,1,72,51,54,54,231,92.4,0.99,0
2026-02-20 20:00:00,20,4,0,0,40,38,27,33,138,55.2,0.52,0
2026-02-20 21:00:00,21,4,0,0,26,35,28,32,121,48.4,0.47,0
2026-02-20 22:00:00,22,4,0,1,14,6,11,14,45,18.0,0.32,0
2026-02-20 23:00:00,23,4,0,0,6,10,9,9,34,13.6,0.2,0
2026-02-21 00:00:00,0,5,1,0,18,7,12,6,43,17.2,0.23,0
2026-02-21 01:00:00,1,5,1,0,5,9,9,8,31,12.4,0.2,0
2026-02-21 02:00:00,2,5,1,1,13,3,6,14,36,14.4,0.29,0
2026-02-21 03:00:00,3,5,1,0,9,7,6,13,35,14.0,0.21,0
2026-02-21 04:00:00,4,5,1,0,14,5,9,10,38,15.2,0.22,0
2026-02-21 05:00:00,5,5,1,1,12,4,8,13,37,14.8,0.29,0
2026-02-21 06:00:00,6,5,1,3,53,44,39,52,188,75.2,0.92,0
2026-02-21 07:00:00,7,5,1,0,32,35,38,38,143,57.2,0.54,0
2026-02-21 08:00:00,8,5,1,1,29,27,24,28,108,43.2,0.61,0
2026-02-21 09:00:00,9,5,1,0,24,29,23,20,96,38.4,0.5,0
2026-02-21 10:00:00,10,5,1,0,25,31,16,25,97,38.8,0.5,0
2026-02-21 11:00:00,11,5,1,1,44,46,35,29,154,61.6,0.65,0
2026-02-21 12:00:00,12,5,1,0,33,31,30,27,121,48.4,0.47,0
2026-02-21 13:00:00,13,5,1,0,46,18,19,24,107,42.8,0.43,0
2026-02-21 14:00:00,14,5,1,1,36,40,37,32,145,58.0,0.63,0
2026-02-21 15:00:00,15,5,1,0,44,31,20,29,124,49.6,0.48,0
2026-02-21 16:00:00,16,5,1,0,26,25,21,24,96,38.4,0.4,0
2026-02-21 17:00:00,17,5,1,0,19,32,15,29,95,38.0,0.49,0
2026-02-21 18:00:00,18,5,1,0,31,26,23,22,102,40.8,0.51,0
2026-02-21 19:00:00,19,5,1,2,39,29,27,24,119,47.6,0.73,0
2026-02-21 20:00:00,20,5,1,0,39,24,38,32,133,53.2,0.51,0
2026-02-21 21:00:00,21,5,1,0,33,35,23,32,123,49.2,0.48,0
2026-02-21 22:00:00,22,5,1,0,12,13,7,2,34,13.6,0.2,0
2026-02-21 23:00:00,23,5,1,3,17,8,7,14,46,18.4,0.48,0
2026-02-22 00:00:00,0,6,1,3,14,15,13,20,62,24.8,0.53,0
2026-02-22 01:00:00,1,6,1,0,10,5,13,10,38,15.2,0.22,0
2026-02-22 02:00:00,2,6,1,0,12,10,7,17,46,18.4,0.24,0
2026-02-22 03:00:00,3,6,1,3,17,7,13,7,44,17.6,0.48,0
2026-02-22 04:00:00,4,6,1,0,15,6,12,14,47,18.8,0.24,0
2026-02-22 05:00:00,5,6,1,0,7,11,6,7,31,12.4,0.2,0
2026-02-22 06:00:00,6,6,1,2,48,39,39,28,154,61.6,0.73,0
2026-02-22 07:00:00,7,6,1,0,34,36,18,33,121,48.4,0.47,0
2026-02-22 08:00:00,8,6,1,0,32,21,25,20,98,39.2,0.5,0
2026-02-22 09:00:00,9,6,1,0,33,20,21,20,94,37.6,0.49,0
2026-02-22 10:00:00,10,6,1,0,36,25,24,32,117,46.8,0.56,0
2026-02-22 11:00:00,11,6,1,0,38,37,27,29,131,52.4,0.5,0
2026-02-22 12:00:00,12,6,1,3,46,40,40,47,173,69.2,0.87,0
2026-02-22 13:00:00,13,6,1,0,35,26,25,44,130,52.0,0.5,0
2026-02-22 14:00:00,14,6,1,0,30,32,23,21,106,42.4,0.43,0
2026-02-22 15:00:00,15,6,1,0,43,33,18,28,122,48.8,0.48,0
2026-02-22 16:00:00,16,6,1,0,40,37,34,26,137,54.8,0.52,0
2026-02-22 17:00:00,17,6,1,0,24,28,24,19,95,38.0,0.49,0
2026-02-22 18:00:00,18,6,1,0,19,23,22,23,87,34.8,0.47,0
2026-02-22 19:00:00,19,6,1,0,28,23,22,26,99,39.6,0.5,0
2026-02-22 20:00:00,20,6,1,1,44,35,32,33,144,57.6,0.62,0
2026-02-22 21:00:00,21,6,1,0,41,31,30,28,130,52.0,0.5,0
2026-02-22 22:00:00,22,6,1,0,12,9,13,5,39,15.6,0.22,0
2026-02-22 23:00:00,23,6,1,1,10,11,9,8,38,15.2,0.3,0
2026-02-23 00:00:00,0,0,0,0,9,12,10,6,37,14.8,0.21,0
2026-02-23 01:00:00,1,0,0,0,11,8,7,5,31,12.4,0.2,0
2026-02-23 02:00:00,2,0,0,0,8,7,14,7,36,14.4,0.21,0
2026-02-23 03:00:00,3,0,0,0,8,10,7,9,34,13.6,0.2,0
2026-02-23 04:00:00,4,0,0,3,13,7,10,14,44,17.6,0.48,0
2026-02-23 05:00:00,5,0,0,0,4,11,4,9,28,11.2,0.19,0
2026-02-23 06:00:00,6,0,0,0,32,22,18,20,92,36.8,0.38,0
2026-02-23 07:00:00,7,0,0,1,31,34,23,39,127,50.8,0.57,0
2026-02-23 08:00:00,8,0,0,0,59,53,54,64,230,92.0,0.91,0
2026-02-23 09:00:00,9,0,0,0,63,56,53,52,224,89.6,0.89,0
2026-02-23 10:00:00,10,0,0,1,62,86,48,59,255,100.0,1.0,0
2026-02-23 11:00:00,11,0,0,0,37,33,30,45,145,58.0,0.55,0
2026-02-23 12:00:00,12,0,0,0,31,33,30,39,133,53.2,0.51,0
2026-02-23 13:00:00,13,0,0,0,33,18,20,25,96,38.4,0.4,0
2026-02-23 14:00:00,14,0,0,1,36,37,32,33,138,55.2,0.6,0
2026-02-23 15:00:00,15,0,0,0,35,34,19,33,121,48.4,0.47,0
2026-02-23 16:00:00,16,0,0,0,39,30,28,42,139,55.6,0.53,0
2026-02-23 17:00:00,17,0,0,3,95,81,71,75,322,100.0,1.0,0
2026-02-23 18:00:00,18,0,0,1,62,64,70,74,270,100.0,1.0,0
2026-02-23 19:00:00,19,0,0,0,51,58,46,44,199,79.6,0.81,0
2026-02-23 20:00:00,20,0,0,1,36,39,31,28,134,53.6,0.59,0
2026-02-23 21:00:00,21,0,0,0,40,35,42,38,155,62.0,0.58,0
2026-02-23 22:00:00,22,0,0,0,5,10,7,6,28,11.2,0.19,0
2026-02-23 23:00:00,23,0,0,0,9,12,8,6,35,14.0,0.21,0
2026-02-24 00:00:00,0,1,0,0,6,10,12,6,34,13.6,0.2,0
2026-02-24 01:00:00,1,1,0,1,8,8,5,8,29,11.6,0.27,0
2026-02-24 02:00:00,2,1,0,0,10,10,6,16,42,16.8,0.23,0
2026-02-24 03:00:00,3,1,0,1,13,10,5,3,31,12.4,0.28,0
2026-02-24 04:00:00,4,1,0,1,10,8,6,11,35,14.0,0.29,0
2026-02-24 05:00:00,5,1,0,0,10,11,4,13,38,15.2,0.22,0
2026-02-24 06:00:00,6,1,0,0,30,26,26,33,115,46.0,0.45,0
2026-02-24 07:00:00,7,1,0,0,51,38,31,25,145,58.0,0.55,0
2026-02-24 08:00:00,8,1,0,0,66,62,52,58,238,95.2,0.93,0
2026-02-24 09:00:00,9,1,0,2,87,63,40,63,253,100.0,1.0,0
2026-02-24 10:00:00,10,1,0,0,70,58,41,45,214,85.6,0.86,0
2026-02-24 11:00:00,11,1,0,0,34,40,34,19,127,50.8,0.49,0
2026-02-24 12:00:00,12,1,0,0,39,38,30,35,142,56.8,0.54,0
2026-02-24 13:00:00,13,1,0,0,39,24,28,29,120,48.0,0.47,0
2026-02-24 14:00:00,14,1,0,0,48,28,30,31,137,54.8,0.52,0
2026-02-24 15:00:00,15,1,0,0,34,37,37,18,126,50.4,0.49,0
2026-02-24 16:00:00,16,1,0,2,59,29,36,37,161,64.4,0.76,0
2026-02-24 17:00:00,17,1,0,0,51,56,56,40,203,81.2,0.82,0
2026-02-24 18:00:00,18,1,0,0,52,56,46,41,195,78.0,0.8,0
2026-02-24 19:00:00,19,1,0,0,77,53,52,60,242,96.8,0.94,0
2026-02-24 20:00:00,20,1,0,0,37,30,31,34,132,52.8,0.51,0
2026-02-24 21:00:00,21,1,0,1,34,32,39,41,146,58.4,0.63,0
2026-02-24 22:00:00,22,1,0,0,6,15,5,6,32,12.8,0.2,0
2026-02-24 23:00:00,23,1,0,1,20,6,10,11,47,18.8,0.32,0
2026-02-25 00:00:00,0,2,0,2,9,11,9,11,40,16.0,0.38,0
2026-02-25 01:00:00,1,2,0,0,12,16,10,8,46,18.4,0.24,0
2026-02-25 02:00:00,2,2,0,1,6,8,3,11,28,11.2,0.27,0
2026-02-25 03:00:00,3,2,0,0,11,10,4,6,31,12.4,0.2,1
2026-02-25 04:00:00,4,2,0,3,15,10,5,11,41,16.4,0.47,1
2026-02-25 05:00:00,5,2,0,0,10,9,11,7,37,14.8,0.21,0
2026-02-25 06:00:00,6,2,0,0,45,44,25,28,142,56.8,0.54,0
2026-02-25 07:00:00,7,2,0,0,39,34,35,33,141,56.4,0.53,0
2026-02-25 08:00:00,8,2,0,0,55,44,49,51,199,79.6,0.81,0
2026-02-25 09:00:00,9,2,0,0,60,62,46,63,231,92.4,0.91,0
2026-02-25 10:00:00,10,2,0,2,67,65,78,87,297,100.0,1.0,1
2026-02-25 11:00:00,11,2,0,0,22,27,28,19,96,38.4,0.4,0
2026-02-25 12:00:00,12,2,0,2,45,48,29,37,159,63.6,0.75,0
2026-02-25 13:00:00,13,2,0,0,45,28,31,41,145,58.0,0.55,0
2026-02-25 14:00:00,14,2,0,0,34,33,22,28,117,46.8,0.46,0
2026-02-25 15:00:00,15,2,0,0,37,28,25,22,112,44.8,0.44,0
2026-02-25 16:00:00,16,2,0,1,35,32,41,34,142,56.8,0.62,0
2026-02-25 17:00:00,17,2,0,2,68,66,68,66,268,100.0,1.0,0
2026-02-25 18:00:00,18,2,0,0,71,47,41,62,221,88.4,0.88,0
2026-02-25 19:00:00,19,2,0,0,72,71,50,50,243,97.2,0.95,0
2026-02-25 20:00:00,20,2,0,0,40,28,26,37,131,52.4,0.5,0
2026-02-25 21:00:00,21,2,0,2,42,29,50,41,162,64.8,0.76,0
2026-02-25 22:00:00,22,2,0,0,17,5,4,13,39,15.6,0.22,0
2026-02-25 23:00:00,23,2,0,1,13,4,17,8,42,16.8,0.31,0
2026-02-26 00:00:00,0,3,0,1,14,6,4,10,34,13.6,0.28,0
2026-02-26 01:00:00,1,3,0,0,10,9,6,10,35,14.0,0.21,0
2026-02-26 02:00:00,2,3,0,0,8,6,10,4,28,11.2,0.19,0
2026-02-26 03:00:00,3,3,0,1,9,8,11,9,37,14.8,0.29,0
2026-02-26 04:00:00,4,3,0,0,4,6,8,10,28,11.2,0.19,0
2026-02-26 05:00:00,5,3,0,0,13,6,12,9,40,16.0,0.22,0
2026-02-26 06:00:00,6,3,0,0,35,38,25,44,142,56.8,0.54,0
2026-02-26 07:00:00,7,3,0,0,34,40,30,33,137,54.8,0.52,0
2026-02-26 08:00:00,8,3,0,0,73,57,46,49,225,90.0,0.89,0
2026-02-26 09:00:00,9,3,0,0,74,65,62,42,243,97.2,0.95,0
2026-02-26 10:00:00,10,3,0,0,63,53,43,46,205,82.0,0.83,0
2026-02-26 11:00:00,11,3,0,0,32,27,31,33,123,49.2,0.48,0
2026-02-26 12:00:00,12,3,0,0,44,37,22,28,131,52.4,0.5,0
2026-02-26 13:00:00,13,3,0,0,36,37,28,27,128,51.2,0.49,0
2026-02-26 14:00:00,14,3,0,0,42,22,31,40,135,54.0,0.52,0
2026-02-26 15:00:00,15,3,0,0,38,30,28,26,122,48.8,0.48,0
2026-02-26 16:00:00,16,3,0,0,34,27,25,17,103,41.2,0.42,0
2026-02-26 17:00:00,17,3,0,0,56,58,50,58,222,88.8,0.88,0
2026-02-26 18:00:00,18,3,0,0,58,39,58,54,209,83.6,0.84,0
2026-02-26 19:00:00,19,3,0,0,48,58,51,51,208,83.2,0.84,0
2026-02-26 20:00:00,20,3,0,0,36,26,37,31,130,52.0,0.5,0
2026-02-26 21:00:00,21,3,0,2,57,48,32,41,178,71.2,0.81,1
2026-02-26 22:00:00,22,3,0,0,8,9,5,7,29,11.6,0.19,0
2026-02-26 23:00:00,23,3,0,2,13,6,15,10,44,17.6,0.4,0
2026-02-27 00:00:00,0,4,0,0,10,10,9,9,38,15.2,0.22,0
2026-02-27 01:00:00,1,4,0,0,13,9,8,6,36,14.4,0.21,0
2026-02-27 02:00:00,2,4,0,0,18,9,7,7,41,16.4,0.23,0
2026-02-27 03:00:00,3,4,0,0,11,8,7,10,36,14.4,0.21,0
2026-02-27 04:00:00,4,4,0,0,14,10,6,8,38,15.2,0.22,0
2026-02-27 05:00:00,5,4,0,0,9,9,14,9,41,16.4,0.23,0
2026-02-27 06:00:00,6,4,0,0,30,28,27,40,125,50.0,0.48,0
2026-02-27 07:00:00,7,4,0,0,40,35,34,41,150,60.0,0.56,0
2026-02-27 08:00:00,8,4,0,1,71,55,56,56,238,95.2,1.0,0
2026-02-27 09:00:00,9,4,0,0,73,53,59,45,230,92.0,0.91,0
2026-02-27 10:00:00,10,4,0,1,60,67,62,59,248,99.2,1.0,0
2026-02-27 11:00:00,11,4,0,1,43,35,28,25,131,52.4,0.58,0
2026-02-27 12:00:00,12,4,0,0,35,30,14,27,106,42.4,0.43,0
2026-02-27 13:00:00,13,4,0,0,37,37,28,32,134,53.6,0.51,0
2026-02-27 14:00:00,14,4,0,0,37,30,23,32,122,48.8,0.48,0
2026-02-27 15:00:00,15,4,0,0,30,24,32,25,111,44.4,0.44,0
2026-02-27 16:00:00,16,4,0,0,33,20,32,24,109,43.6,0.44,0
2026-02-27 17:00:00,17,4,0,0,56,63,46,37,202,80.8,0.82,0
2026-02-27 18:00:00,18,4,0,2,75,63,62,74,274,100.0,1.0,0
2026-02-27 19:00:00,19,4,0,0,55,63,46,39,203,81.2,0.82,0
2026-02-27 20:00:00,20,4,0,0,40,20,28,28,116,46.4,0.46,1
2026-02-27 21:00:00,21,4,0,0,33,25,31,30,119,47.6,0.47,0
2026-02-27 22:00:00,22,4,0,0,11,3,10,5,29,11.6,0.19,0
2026-02-27 23:00:00,23,4,0,0,11,6,6,16,39,15.6,0.22,0
2026-02-28 00:00:00,0,5,1,2,11,5,15,7,38,15.2,0.38,0
2026-02-28 01:00:00,1,5,1,0,16,5,6,7,34,13.6,0.2,0
2026-02-28 02:00:00,2,5,1,0,11,7,7,7,32,12.8,0.2,0
2026-02-28 03:00:00,3,5,1,0,8,7,9,13,37,14.8,0.21,0
2026-02-28 04:00:00,4,5,1,0,7,11,11,10,39,15.6,0.22,0
2026-02-28 05:00:00,5,5,1,0,14,7,8,10,39,15.6,0.22,0
2026-02-28 06:00:00,6,5,1,0,26,24,26,42,118,47.2,0.46,0
2026-02-28 07:00:00,7,5,1,2,42,39,46,40,167,66.8,0.77,0
2026-02-28 08:00:00,8,5,1,1,29,34,28,19,110,44.0,0.62,0
2026-02-28 09:00:00,9,5,1,0,37,23,26,22,108,43.2,0.53,0
2026-02-28 10:00:00,10,5,1,0,27,33,23,22,105,42.0,0.52,0
2026-02-28 11:00:00,11,5,1,0,37,27,26,18,108,43.2,0.43,0
2026-02-28 12:00:00,12,5,1,1,34,43,26,27,130,52.0,0.58,0
2026-02-28 13:00:00,13,5,1,2,28,41,28,35,132,52.8,0.67,0
2026-02-28 14:00:00,14,5,1,1,37,31,39,31,138,55.2,0.6,0
2026-02-28 15:00:00,15,5,1,0,34,21,32,27,114,45.6,0.45,0
2026-02-28 16:00:00,16,5,1,0,42,36,23,30,131,52.4,0.5,0
2026-02-28 17:00:00,17,5,1,0,29,26,31,29,115,46.0,0.55,0
2026-02-28 18:00:00,18,5,1,0,22,32,29,22,105,42.0,0.52,0
2026-02-28 19:00:00,19,5,1,1,33,50,27,20,130,52.0,0.68,1
2026-02-28 20:00:00,20,5,1,1,42,36,21,27,126,50.4,0.57,0
2026-02-28 21:00:00,21,5,1,0,26,34,25,31,116,46.4,0.46,1
2026-02-28 22:00:00,22,5,1,3,11,15,15,11,52,20.8,0.5,0
2026-02-28 23:00:00,23,5,1,2,11,10,11,9,41,16.4,0.39,0
2026-03-01 00:00:00,0,6,1,0,10,11,7,6,34,13.6,0.2,0
2026-03-01 01:00:00,1,6,1,0,10,9,7,10,36,14.4,0.21,0
2026-03-01 02:00:00,2,6,1,0,9,11,5,7,32,12.8,0.2,0
2026-03-01 03:00:00,3,6,1,1,13,8,4,12,37,14.8,0.29,0
2026-03-01 04:00:00,4,6,1,0,12,11,5,6,34,13.6,0.2,0
2026-03-01 05:00:00,5,6,1,0,9,6,2,5,22,8.8,0.17,0
2026-03-01 06:00:00,6,6,1,0,32,34,38,29,133,53.2,0.51,0
2026-03-01 07:00:00,7,6,1,0,35,43,24,30,132,52.8,0.51,0
2026-03-01 08:00:00,8,6,1,0,29,32,26,28,115,46.0,0.55,1
2026-03-01 09:00:00,9,6,1,0,34,32,16,26,108,43.2,0.53,0
2026-03-01 10:00:00,10,6,1,0,28,25,23,32,108,43.2,0.53,0
2026-03-01 11:00:00,11,6,1,0,33,34,30,31,128,51.2,0.49,0
2026-03-01 12:00:00,12,6,1,0,34,32,21,32,119,47.6,0.47,0
2026-03-01 13:00:00,13,6,1,1,43,37,27,27,134,53.6,0.59,0
2026-03-01 14:00:00,14,6,1,3,49,65,40,46,200,80.0,0.96,0
2026-03-01 15:00:00,15,6,1,1,28,40,32,21,121,48.4,0.55,0
2026-03-01 16:00:00,16,6,1,3,42,49,37,42,170,68.0,0.86,0
2026-03-01 17:00:00,17,6,1,0,39,18,21,28,106,42.4,0.53,0
2026-03-01 18:00:00,18,6,1,1,36,34,28,35,133,53.2,0.69,0
2026-03-01 19:00:00,19,6,1,0,36,22,29,27,114,45.6,0.55,0
2026-03-01 20:00:00,20,6,1,0,37,27,31,31,126,50.4,0.49,0
2026-03-01 21:00:00,21,6,1,0,44,34,19,35,132,52.8,0.51,0
2026-03-01 22:00:00,22,6,1,1,6,16,9,6,37,14.8,0.29,0
2026-03-01 23:00:00,23,6,1,1,11,6,3,12,32,12.8,0.28,0
2026-03-02 00:00:00,0,0,0,0,14,11,6,10,41,16.4,0.23,0
2026-03-02 01:00:00,1,0,0,1,9,14,9,10,42,16.8,0.31,0
2026-03-02 02:00:00,2,0,0,3,11,13,5,14,43,17.2,0.47,0
2026-03-02 03:00:00,3,0,0,0,13,9,5,12,39,15.6,0.22,0
2026-03-02 04:00:00,4,0,0,0,11,18,14,10,53,21.2,0.26,0
2026-03-02 05:00:00,5,0,0,0,9,13,11,7,40,16.0,0.22,0
2026-03-02 06:00:00,6,0,0,0,48,33,33,29,143,57.2,0.54,0
2026-03-02 07:00:00,7,0,0,0,39,41,29,20,129,51.6,0.5,0
2026-03-02 08:00:00,8,0,0,1,58,65,55,50,228,91.2,0.98,0
2026-03-02 09:00:00,9,0,0,0,41,50,34,47,172,68.8,0.73,0
2026-03-02 10:00:00,10,0,0,0,60,44,46,39,189,75.6,0.78,0
2026-03-02 11:00:00,11,0,0,2,37,42,33,44,156,62.4,0.74,0
2026-03-02 12:00:00,12,0,0,0,37,28,23,26,114,45.6,0.45,0
2026-03-02 13:00:00,13,0,0,0,45,36,33,20,134,53.6,0.51,0
2026-03-02 14:00:00,14,0,0,0,36,28,31,36,131,52.4,0.5,0
2026-03-02 15:00:00,15,0,0,0,49,40,31,23,143,57.2,0.54,1
2026-03-02 16:00:00,16,0,0,0,45,28,28,37,138,55.2,0.52,0
2026-03-02 17:00:00,17,0,0,0,60,40,42,56,198,79.2,0.81,0
2026-03-02 18:00:00,18,0,0,1,70,62,57,54,243,97.2,1.0,0
2026-03-02 19:00:00,19,0,0,0,55,59,40,55,209,83.6,0.84,0
2026-03-02 20:00:00,20,0,0,0,33,18,28,32,111,44.4,0.44,0
2026-03-02 21:00:00,21,0,0,0,28,21,34,36,119,47.6,0.47,0
2026-03-02 22:00:00,22,0,0,0,15,10,11,6,42,16.8,0.23,0
2026-03-02 23:00:00,23,0,0,0,6,8,9,8,31,12.4,0.2,0
2026-03-03 00:00:00,0,1,0,0,13,8,9,4,34,13.6,0.2,0
2026-03-03 01:00:00,1,1,0,1,5,13,10,10,38,15.2,0.3,0
2026-03-03 02:00:00,2,1,0,0,15,11,12,7,45,18.0,0.24,0
2026-03-03 03:00:00,3,1,0,0,12,9,7,8,36,14.4,0.21,0
2026-03-03 04:00:00,4,1,0,0,7,8,10,5,30,12.0,0.19,0
2026-03-03 05:00:00,5,1,0,0,11,6,6,8,31,12.4,0.2,0
2026-03-03 06:00:00,6,1,0,0,35,32,27,19,113,45.2,0.45,0
2026-03-03 07:00:00,7,1,0,0,46,28,26,25,125,50.0,0.48,0
2026-03-03 08:00:00,8,1,0,0,53,58,53,63,227,90.8,0.9,0
2026-03-03 09:00:00,9,1,0,0,57,47,48,49,201,80.4,0.82,0
2026-03-03 10:00:00,10,1,0,0,54,59,50,47,210,84.0,0.85,0
2026-03-03 11:00:00,11,1,0,0,34,37,32,24,127,50.8,0.49,0
2026-03-03 12:00:00,12,1,0,0,38,24,29,36,127,50.8,0.49,0
2026-03-03 13:00:00,13,1,0,0,35,30,33,26,124,49.6,0.48,1
2026-03-03 14:00:00,14,1,0,0,29,37,33,27,126,50.4,0.49,0
2026-03-03 15:00:00,15,1,0,0,44,39,19,23,125,50.0,0.48,0
2026-03-03 16:00:00,16,1,0,0,26,26,25,36,113,45.2,0.45,0
2026-03-03 17:00:00,17,1,0,0,56,60,45,54,215,86.0,0.86,0
2026-03-03 18:00:00,18,1,0,1,69,52,56,62,239,95.6,1.0,0
2026-03-03 19:00:00,19,1,0,2,80,50,68,68,266,100.0,1.0,0
2026-03-03 20:00:00,20,1,0,0,38,38,34,21,131,52.4,0.5,0
2026-03-03 21:00:00,21,1,0,0,33,28,25,29,115,46.0,0.45,0
2026-03-03 22:00:00,22,1,0,1,10,12,3,8,33,13.2,0.28,0
2026-03-03 23:00:00,23,1,0,2,10,7,16,6,39,15.6,0.38,0
2026-03-04 00:00:00,0,2,0,0,10,8,6,9,33,13.2,0.2,0
2026-03-04 01:00:00,1,2,0,0,8,14,10,9,41,16.4,0.23,0
2026-03-04 02:00:00,2,2,0,1,9,6,6,8,29,11.6,0.27,0
2026-03-04 03:00:00,3,2,0,1,17,14,10,10,51,20.4,0.34,0
2026-03-04 04:00:00,4,2,0,0,12,14,7,9,42,16.8,0.23,0
2026-03-04 05:00:00,5,2,0,0,7,9,5,10,31,12.4,0.2,0
2026-03-04 06:00:00,6,2,0,0,37,34,33,33,137,54.8,0.52,0
2026-03-04 07:00:00,7,2,0,1,31,36,26,32,125,50.0,0.56,0
2026-03-04 08:00:00,8,2,0,0,66,57,46,47,216,86.4,0.86,0
2026-03-04 09:00:00,9,2,0,0,58,68,51,59,236,94.4,0.93,0
2026-03-04 10:00:00,10,2,0,0,58,61,48,48,215,86.0,0.86,0
2026-03-04 11:00:00,11,2,0,0,29,27,16,29,101,40.4,0.41,0
